member,half,step,abs_diff_max_over_dims
0,0,0,5.383930909708123e-07
0,0,1,8.91462288737932e-07
0,0,2,1.2985285097744104e-06
0,0,3,1.1238684796133214e-06
0,0,4,1.0424968629463294e-06
0,0,5,1.651645372691135e-06
0,0,6,2.370202484947015e-06
0,0,7,3.379758045207737e-06
0,0,8,4.478232322968623e-06
0,0,9,5.383186776786175e-06
0,0,10,6.336683155083733e-06
0,0,11,7.3409518264178075e-06
0,0,12,8.278284550078396e-06
0,0,13,9.168642213674971e-06
0,0,14,9.998343004857801e-06
0,0,15,1.0744463629697165e-05
0,0,16,1.1413871951360122e-05
0,0,17,1.2064162288494273e-05
0,0,18,1.2659755382671278e-05
0,0,19,1.3243468525825364e-05
0,0,20,1.3809409248333182e-05
0,0,21,1.4262516392804514e-05
0,0,22,1.4554999988369843e-05
0,0,23,1.4840015507777693e-05
0,0,24,1.5263732075165848e-05
0,0,25,1.614388456006033e-05
0,0,26,1.7549786100357068e-05
0,0,27,1.85696179042516e-05
0,0,28,1.636313155373159e-05
0,0,29,1.2310749902599838e-05
0,0,30,9.475355482457815e-06
0,0,31,6.904226268034108e-06
0,0,32,5.649434255516894e-06
0,0,33,1.1276536172388774e-05
0,0,34,1.650619578619228e-05
0,0,35,1.898407227685084e-05
0,0,36,2.1890275441194262e-05
0,0,37,2.3613433649316562e-05
0,0,38,2.5702091502211033e-05
0,0,39,2.1250597984412423e-05
0,0,40,5.966057669670732e-06
0,0,41,2.6243174153783855e-06
0,0,42,2.070799449915839e-06
0,0,43,3.738266871167184e-06
0,0,44,1.931726553294766e-05
0,0,45,2.0081037336083796e-05
0,0,46,2.0392044958850164e-05
0,0,47,2.1499875242803057e-05
0,0,48,2.29872192436531e-05
0,0,49,2.4513302994577657e-05
0,0,50,2.6269065761752586e-05
0,0,51,2.8183891095601155e-05
0,0,52,2.918348597980014e-05
0,0,53,2.5113233331097717e-05
0,0,54,1.3162910115660509e-05
0,0,55,2.9336661444279155e-06
0,0,56,1.4662220122751979e-06
0,0,57,1.6171760062189122e-06
0,0,58,1.7436786255542458e-05
0,0,59,2.734439240992259e-05
0,0,60,2.6798959524843013e-05
0,0,61,2.740715284677009e-05
0,0,62,2.8277833041823186e-05
0,0,63,2.957792307922702e-05
0,0,64,3.0684804214864414e-05
0,0,65,3.177156148792548e-05
0,0,66,3.3418051309741514e-05
0,0,67,3.5338794137196317e-05
0,0,68,3.044574190314009e-05
0,0,69,2.4567454991242244e-05
0,0,70,2.512557412037708e-05
0,0,71,3.444757022075251e-05
0,0,72,3.395410931261722e-05
0,0,73,3.361638298282621e-05
0,0,74,3.317763967336518e-05
0,0,75,3.18267595333932e-05
0,0,76,3.103760861278282e-05
0,0,77,3.35492625194167e-05
0,0,78,3.6334014760885935e-05
0,0,79,3.936596804354764e-05
0,0,80,4.35298813470375e-05
0,0,81,4.667223557452971e-05
0,0,82,4.783242168349133e-05
0,0,83,3.814160075110706e-05
0,0,84,1.8859513144953155e-05
0,0,85,1.4055778649879613e-05
0,0,86,2.155410388038348e-05
0,0,87,3.640710605234965e-05
0,0,88,3.5871391788067086e-05
0,0,89,3.629136738014793e-05
0,0,90,3.803744968600142e-05
0,0,91,4.0309571508689857e-05
0,0,92,4.248860458311299e-05
0,0,93,4.568382931902093e-05
0,0,94,5.1569015843799804e-05
0,0,95,5.534078907443174e-05
0,0,96,5.651417780194734e-05
0,0,97,3.103206485377541e-05
0,0,98,2.6747633480539434e-05
0,0,99,3.95602125058403e-05
0,1,100,1.0040035900438227e-06
0,1,101,1.9736560581407048e-06
0,1,102,3.127263823010651e-06
0,1,103,4.474172962787293e-06
0,1,104,5.923821503550641e-06
0,1,105,7.09934675580115e-06
0,1,106,8.106013053676975e-06
0,1,107,8.69132074510226e-06
0,1,108,8.438328325865996e-06
0,1,109,8.890498797597957e-06
0,1,110,6.910610706345466e-06
0,1,111,3.3929722187409084e-06
0,1,112,1.5608205745643033e-06
0,1,113,2.381989911093285e-06
0,1,114,9.467026416132285e-06
0,1,115,1.0425305386085881e-05
0,1,116,1.1657181804736183e-05
0,1,117,1.2559569810832727e-05
0,1,118,1.3288002752798178e-05
0,1,119,1.3909533067124613e-05
0,1,120,1.4791930939228592e-05
0,1,121,1.5842127216725288e-05
0,1,122,1.674803624496235e-05
0,1,123,1.726379255195809e-05
0,1,124,1.8769049511035973e-05
0,1,125,1.730300787761152e-05
0,1,126,1.2407111151802042e-05
0,1,127,8.197735071213685e-06
0,1,128,5.911740696973311e-06
0,1,129,1.784134704152507e-05
0,1,130,1.790875299789718e-05
0,1,131,1.9685615583853178e-05
0,1,132,2.1525044725745346e-05
0,1,133,2.2365047341210698e-05
0,1,134,2.2913769413435148e-05
0,1,135,2.3743167362422213e-05
0,1,136,2.4721008497152752e-05
0,1,137,2.4660767119044635e-05
0,1,138,1.4510923700861156e-05
0,1,139,3.866545663644416e-06
0,1,140,2.438466607898593e-06
0,1,141,2.096291571440645e-06
0,1,142,6.346178532901092e-06
0,1,143,2.4910112922826855e-05
0,1,144,2.3922071176851745e-05
0,1,145,2.5651906759183163e-05
0,1,146,2.7714647937493453e-05
0,1,147,2.913277191485264e-05
0,1,148,3.05720259321518e-05
0,1,149,3.2131277546199044e-05
0,1,150,3.2500674442381694e-05
0,1,151,3.342502319103602e-05
0,1,152,2.6060082678469598e-05
0,1,153,6.538149862400644e-06
0,1,154,4.038373985881805e-06
0,1,155,9.606452572086255e-06
0,1,156,2.383414997275679e-05
0,1,157,3.5303729764901703e-05
0,1,158,3.103078850941188e-05
0,1,159,3.0653216797738025e-05
0,1,160,3.3410771274500206e-05
0,1,161,3.591887704823549e-05
0,1,162,3.7907501770462204e-05
0,1,163,4.00219158871451e-05
0,1,164,4.050631339902466e-05
0,1,165,4.0052417932923134e-05
0,1,166,3.4923124553110085e-05
0,1,167,1.8199559197462634e-05
0,1,168,1.6232554620909667e-05
0,1,169,2.72841403670121e-05
0,1,170,4.094355636929947e-05
0,1,171,3.575984462633741e-05
0,1,172,3.5163166769436316e-05
0,1,173,3.675807674063947e-05
0,1,174,3.909733808349358e-05
0,1,175,4.0999815817066576e-05
0,1,176,4.296179103713271e-05
0,1,177,4.549911138962415e-05
0,1,178,4.740025576088769e-05
0,1,179,4.791591669173201e-05
0,1,180,5.098349965315663e-05
0,1,181,3.3401612020256266e-05
0,1,182,2.6641650017200647e-05
0,1,183,3.703287678114009e-05
0,1,184,4.6919877948692346e-05
0,1,185,4.4489744629228056e-05
0,1,186,4.4621004382960905e-05
0,1,187,4.637593838108245e-05
0,1,188,4.9361751342402727e-05
0,1,189,5.1499791819509255e-05
0,1,190,5.092684532925773e-05
0,1,191,5.219116206367502e-05
0,1,192,5.415282563570045e-05
0,1,193,5.476250060709731e-05
0,1,194,5.9588393553688945e-05
0,1,195,5.653471804833998e-05
0,1,196,5.8565111904052e-05
0,1,197,6.96323951761002e-05
0,1,198,6.387616648373395e-05
0,1,199,5.788339973289425e-05
1,0,0,2.7500278743097795e-07
1,0,1,6.72031115867e-07
1,0,2,1.1302624676190476e-06
1,0,3,1.5175017478163966e-06
1,0,4,1.6926901653668835e-06
1,0,5,1.8836935544719324e-06
1,0,6,2.107358081371302e-06
1,0,7,2.292161433992135e-06
1,0,8,2.626613154976809e-06
1,0,9,2.684605910907578e-06
1,0,10,2.7341023338678383e-06
1,0,11,1.9266799258232936e-06
1,0,12,1.5838706102222488e-06
1,0,13,1.7725737948559583e-06
1,0,14,1.9934088579809384e-06
1,0,15,6.153317761992128e-07
1,0,16,7.879933097143521e-07
1,0,17,1.0168747899275132e-06
1,0,18,1.7050822537223453e-06
1,0,19,1.7271826723008754e-06
1,0,20,2.008113640539211e-06
1,0,21,2.3823956141200142e-06
1,0,22,3.7197839293234836e-06
1,0,23,5.183001705155732e-06
1,0,24,6.435543393745746e-06
1,0,25,7.270713084928104e-06
1,0,26,7.859250112485228e-06
1,0,27,8.77092519102618e-06
1,0,28,9.824264088464929e-06
1,0,29,1.0687392681063557e-05
1,0,30,1.1231158643543182e-05
1,0,31,1.153888034854944e-05
1,0,32,1.2481067083403019e-05
1,0,33,1.375226761490822e-05
1,0,34,1.5022525158059352e-05
1,0,35,1.5952841625921366e-05
1,0,36,1.6360958182470853e-05
1,0,37,1.6402741958021494e-05
1,0,38,1.6234370855183755e-05
1,0,39,1.5924975150571896e-05
1,0,40,1.570733473421626e-05
1,0,41,1.5966326004868137e-05
1,0,42,1.6808328587192278e-05
1,0,43,1.7853179245630457e-05
1,0,44,1.891246219898335e-05
1,0,45,1.9927744839165484e-05
1,0,46,2.1167193825721853e-05
1,0,47,2.2858304834727505e-05
1,0,48,2.439018210953492e-05
1,0,49,2.5255791122891225e-05
1,0,50,2.6552197219142926e-05
1,0,51,3.0048838909113584e-05
1,0,52,3.274871821545844e-05
1,0,53,1.7291154380316698e-05
1,0,54,7.504020421045254e-06
1,0,55,7.71314380543231e-06
1,0,56,7.90831401120684e-06
1,0,57,1.5685238183404948e-05
1,0,58,2.464884924169297e-05
1,0,59,2.9267122691578606e-05
1,0,60,3.172318741917479e-05
1,0,61,3.1979905577905754e-05
1,0,62,3.0517372278993093e-05
1,0,63,3.037725061671992e-05
1,0,64,3.0684362901212126e-05
1,0,65,3.0891373431707336e-05
1,0,66,3.0238792439352125e-05
1,0,67,2.423723463662597e-05
1,0,68,5.32262505670289e-06
1,0,69,6.416539413578448e-06
1,0,70,1.1044894759670854e-05
1,0,71,3.709467188661719e-05
1,0,72,3.578460085496005e-05
1,0,73,3.681440785818779e-05
1,0,74,3.881008457939927e-05
1,0,75,3.992468830915641e-05
1,0,76,4.0906597170931036e-05
1,0,77,4.0664066847106994e-05
1,0,78,4.0382498988744686e-05
1,0,79,3.578528825221028e-05
1,0,80,1.998468738495518e-05
1,0,81,7.351226552820833e-06
1,0,82,5.839511012961651e-06
1,0,83,1.2623402955602714e-05
1,0,84,3.964616238305574e-05
1,0,85,3.7057343063473525e-05
1,0,86,3.814353814779459e-05
1,0,87,3.98285607943194e-05
1,0,88,3.9919448712177896e-05
1,0,89,4.074367922535238e-05
1,0,90,4.238537674017273e-05
1,0,91,4.381758986760076e-05
1,0,92,4.512747763296687e-05
1,0,93,4.702870275963278e-05
1,0,94,4.856794829288802e-05
1,0,95,4.685994402908733e-05
1,0,96,3.980495781075177e-05
1,0,97,2.6414685674769345e-05
1,0,98,2.5138586125184048e-05
1,0,99,3.7348440699247476e-05
1,1,100,9.983656343859337e-07
1,1,101,1.8904149410303717e-06
1,1,102,2.9853353957776108e-06
1,1,103,4.2897842589262325e-06
1,1,104,5.545094618142343e-06
1,1,105,6.400204048517821e-06
1,1,106,6.648544117471289e-06
1,1,107,6.867440003777148e-06
1,1,108,6.144909054928149e-06
1,1,109,3.369972162214907e-06
1,1,110,7.480560317851825e-07
1,1,111,3.040228079287388e-07
1,1,112,1.8033055928512454e-06
1,1,113,6.7928465710132e-06
1,1,114,8.395875872757586e-06
1,1,115,9.71279980044315e-06
1,1,116,1.0798778537157716e-05
1,1,117,1.1707817201500603e-05
1,1,118,1.2739879352352546e-05
1,1,119,1.3346823515281159e-05
1,1,120,1.3241499018157299e-05
1,1,121,1.415488614631144e-05
1,1,122,1.597583094614663e-05
1,1,123,1.4135389561520384e-05
1,1,124,5.266999549391471e-06
1,1,125,5.320450957135847e-06
1,1,126,1.5192232635463654e-05
1,1,127,1.6668582441425883e-05
1,1,128,1.711680279470329e-05
1,1,129,1.9189130593399994e-05
1,1,130,2.0828738592548746e-05
1,1,131,2.1759532042420204e-05
1,1,132,2.2324419570729503e-05
1,1,133,2.2854626820834056e-05
1,1,134,2.353953907663353e-05
1,1,135,2.4606267265525616e-05
1,1,136,2.5082165141743218e-05
1,1,137,1.8535819127141195e-05
1,1,138,1.2518549882489793e-05
1,1,139,1.2141774624829793e-05
1,1,140,1.7581791870391328e-05
1,1,141,2.419791431274021e-05
1,1,142,2.4460780785773295e-05
1,1,143,2.6597830935060074e-05
1,1,144,2.847880605338915e-05
1,1,145,3.001919266720776e-05
1,1,146,3.1816862983813365e-05
1,1,147,3.3515174721276964e-05
1,1,148,3.460330883697793e-05
1,1,149,3.509149111247112e-05
1,1,150,3.645307270527809e-05
1,1,151,3.103694785755451e-05
1,1,152,1.379434287729353e-05
1,1,153,5.5018971356624036e-06
1,1,154,6.511450657775697e-06
1,1,155,3.0906093870353146e-05
1,1,156,3.2853082724937366e-05
1,1,157,3.354880932660009e-05
1,1,158,3.617832357249995e-05
1,1,159,3.792786958944916e-05
1,1,160,3.836364207687737e-05
1,1,161,3.9529054241871364e-05
1,1,162,3.975766932962088e-05
1,1,163,4.2502086609719214e-05
1,1,164,4.366072580319624e-05
1,1,165,2.7291912850557765e-05
1,1,166,1.1969826405611173e-05
1,1,167,8.579736136660188e-06
1,1,168,1.8343600395986925e-05
1,1,169,3.8266977752332565e-05
1,1,170,3.9764898289718076e-05
1,1,171,3.6644248066153295e-05
1,1,172,3.838376637643748e-05
1,1,173,4.039939909006307e-05
1,1,174,4.179591533670646e-05
1,1,175,4.499948735459114e-05
1,1,176,4.72088110603508e-05
1,1,177,5.2148410073726836e-05
1,1,178,5.000519345221832e-05
1,1,179,2.979171429018379e-05
1,1,180,2.2053981973968462e-05
1,1,181,3.144327565562932e-05
1,1,182,4.549549755727966e-05
1,1,183,5.041705582620182e-05
1,1,184,4.392400703867594e-05
1,1,185,4.127497282979675e-05
1,1,186,4.3213685390952605e-05
1,1,187,4.6045010564377264e-05
1,1,188,4.848606087737295e-05
1,1,189,5.119869716141423e-05
1,1,190,5.350578940044315e-05
1,1,191,5.2838110134345584e-05
1,1,192,5.646869893194406e-05
1,1,193,4.310703399124094e-05
1,1,194,3.901781532000825e-05
1,1,195,4.527562735745505e-05
1,1,196,5.4354232597475516e-05
1,1,197,5.1720253408049643e-05
1,1,198,5.0180923429010704e-05
1,1,199,5.1516464525835914e-05
2,0,0,3.5687568544773285e-07
2,0,1,5.290722393525016e-07
2,0,2,9.645122034385167e-07
2,0,3,1.4869367097603003e-06
2,0,4,1.8726513166811287e-06
2,0,5,2.1030898240681495e-06
2,0,6,2.1311956617253713e-06
2,0,7,2.1887223997651972e-06
2,0,8,2.5765115463372013e-06
2,0,9,2.666537029849536e-06
2,0,10,2.8518930421661537e-06
2,0,11,2.4783928846972003e-06
2,0,12,2.2953845633111314e-06
2,0,13,2.484041967676376e-06
2,0,14,2.9958511813532596e-06
2,0,15,3.0826079191470512e-06
2,0,16,3.98633365339407e-06
2,0,17,3.7814980196060333e-06
2,0,18,3.3039862445960466e-06
2,0,19,4.246829670151442e-06
2,0,20,5.806636429017686e-06
2,0,21,7.065685826646018e-06
2,0,22,8.449601748505842e-06
2,0,23,1.003204959815207e-05
2,0,24,1.1534800086643315e-05
2,0,25,1.2255499273639003e-05
2,0,26,1.2623556045809892e-05
2,0,27,1.332507563578389e-05
2,0,28,1.4546463210862726e-05
2,0,29,1.5570840710132927e-05
2,0,30,1.5973611514397135e-05
2,0,31,1.590855643085476e-05
2,0,32,1.6187662787991997e-05
2,0,33,1.7616297986577933e-05
2,0,34,1.911824409450702e-05
2,0,35,2.0255590694517878e-05
2,0,36,2.1017058617456286e-05
2,0,37,2.120273013384022e-05
2,0,38,2.091260700298747e-05
2,0,39,2.079803711607653e-05
2,0,40,2.12091137274939e-05
2,0,41,2.2024865599323817e-05
2,0,42,2.2836000206361007e-05
2,0,43,2.3455717406806187e-05
2,0,44,2.4043548946695026e-05
2,0,45,2.4716327976959107e-05
2,0,46,2.560237999094106e-05
2,0,47,2.6945141585521526e-05
2,0,48,2.8506405715278405e-05
2,0,49,2.93837846108147e-05
2,0,50,2.964726125131989e-05
2,0,51,2.9810596154256075e-05
2,0,52,3.0131214028283893e-05
2,0,53,3.099920694937808e-05
2,0,54,3.2233767581768547e-05
2,0,55,3.2253385148450775e-05
2,0,56,2.8985216547816606e-05
2,0,57,1.2573452450315159e-05
2,0,58,1.5089644791466128e-05
2,0,59,2.476986649346813e-05
2,0,60,3.8264909014706916e-05
2,0,61,3.852928136849343e-05
2,0,62,3.770090512222879e-05
2,0,63,3.938003498049625e-05
2,0,64,4.0941481162182214e-05
2,0,65,3.4985131067699626e-05
2,0,66,3.807040395242822e-05
2,0,67,3.8269881347474666e-05
2,0,68,3.901834228159373e-05
2,0,69,3.7836103380595176e-05
2,0,70,9.744359258601065e-06
2,0,71,9.32127252317727e-06
2,0,72,1.2418905360966903e-05
2,0,73,3.7165701552321906e-05
2,0,74,4.3729741406650646e-05
2,0,75,4.4280287828435405e-05
2,0,76,4.650029350861118e-05
2,0,77,4.798217484491829e-05
2,0,78,4.959722069441952e-05
2,0,79,4.9115225266849194e-05
2,0,80,4.7605572397468876e-05
2,0,81,4.6356411254500074e-05
2,0,82,4.2887618352693835e-05
2,0,83,2.8666287350986863e-05
2,0,84,1.0940624341149174e-05
2,0,85,1.1483416009205882e-05
2,0,86,3.59972349444071e-05
2,0,87,4.6234539057721236e-05
2,0,88,4.200748812510646e-05
2,0,89,4.329299459193692e-05
2,0,90,4.4875201310690116e-05
2,0,91,4.601785581037632e-05
2,0,92,4.7957948179799814e-05
2,0,93,4.86940152453208e-05
2,0,94,4.922365447423971e-05
2,0,95,5.1994921045572795e-05
2,0,96,5.626564710992099e-05
2,0,97,5.572451947921664e-05
2,0,98,4.610685347916643e-05
2,0,99,3.183763824310404e-05
2,1,100,1.0117623139294096e-07
2,1,101,2.9957719327455834e-07
2,1,102,1.3906655627060616e-06
2,1,103,2.520645078440964e-06
2,1,104,3.8632230103807785e-06
2,1,105,5.268471529262797e-06
2,1,106,6.381862743154443e-06
2,1,107,7.16326489236252e-06
2,1,108,7.315754553705034e-06
2,1,109,7.380818830338143e-06
2,1,110,7.582417042240053e-06
2,1,111,6.137181083332166e-06
2,1,112,2.206113708158597e-06
2,1,113,5.156276885465161e-07
2,1,114,2.3740441394970446e-06
2,1,115,7.988464398422934e-06
2,1,116,9.3760547414945e-06
2,1,117,1.0890770673732675e-05
2,1,118,1.2274096370834542e-05
2,1,119,1.3269740661847607e-05
2,1,120,1.382603257793491e-05
2,1,121,1.4229197041082386e-05
2,1,122,1.4181425663561953e-05
2,1,123,1.4758366591482996e-05
2,1,124,1.680806247517097e-05
2,1,125,1.883110755596107e-05
2,1,126,8.413619113412096e-06
2,1,127,7.524753594445599e-06
2,1,128,1.7022486454632002e-05
2,1,129,1.7588989366768004e-05
2,1,130,1.8538509229504285e-05
2,1,131,2.0698090605453245e-05
2,1,132,2.2782838573043307e-05
2,1,133,2.420330044694552e-05
2,1,134,2.4733017710332206e-05
2,1,135,2.498275450335541e-05
2,1,136,2.5586138468369768e-05
2,1,137,2.65288444118994e-05
2,1,138,2.8743552155319207e-05
2,1,139,2.743736112176265e-05
2,1,140,2.1293058519500363e-05
2,1,141,2.0492815964612277e-05
2,1,142,2.3304940975243937e-05
2,1,143,2.8730567164458876e-05
2,1,144,2.7566244431564968e-05
2,1,145,2.9132743849746845e-05
2,1,146,3.08104228530226e-05
2,1,147,3.247335103084836e-05
2,1,148,3.455989344791632e-05
2,1,149,3.656094058701598e-05
2,1,150,3.7770440237672176e-05
2,1,151,3.863807608972536e-05
2,1,152,3.9639572978700244e-05
2,1,153,4.2771697610355375e-05
2,1,154,3.172937012108079e-05
2,1,155,1.3690445847203137e-05
2,1,156,1.044379003234397e-05
2,1,157,2.6554601342265727e-05
2,1,158,3.95334881235776e-05
2,1,159,3.806562656860635e-05
2,1,160,3.94497783307024e-05
2,1,161,4.1754626813439444e-05
2,1,162,4.2480774580244685e-05
2,1,163,4.3044752279008947e-05
2,1,164,4.275775290851769e-05
2,1,165,4.559657329306077e-05
2,1,166,4.7825672718104784e-05
2,1,167,2.640109169638194e-05
2,1,168,1.6827717159717537e-05
2,1,169,1.322368257739015e-05
2,1,170,2.2109810146719866e-05
2,1,171,4.232652683366922e-05
2,1,172,4.491648874749288e-05
2,1,173,4.091513270676472e-05
2,1,174,4.226721429745339e-05
2,1,175,4.5032470544992265e-05
2,1,176,4.665804396664086e-05
2,1,177,4.9005877291730116e-05
2,1,178,5.064538546539765e-05
2,1,179,5.262544904205413e-05
2,1,180,5.756739013484946e-05
2,1,181,4.1482182377095e-05
2,1,182,2.9774988779429634e-05
2,1,183,3.864451046986517e-05
2,1,184,5.186096472975521e-05
2,1,185,5.7715765236387995e-05
2,1,186,4.948302341523103e-05
2,1,187,4.6767237199318856e-05
2,1,188,4.8591188198887636e-05
2,1,189,5.16018283165387e-05
2,1,190,5.387271744439204e-05
2,1,191,5.5506508761293816e-05
2,1,192,5.6756291889392685e-05
2,1,193,5.714742650475557e-05
2,1,194,5.858159588090217e-05
2,1,195,6.178291333469588e-05
2,1,196,5.485615458056259e-05
2,1,197,5.588557372959713e-05
2,1,198,6.239342160441197e-05
2,1,199,5.663569337155394e-05
3,0,0,4.119522651890861e-07
3,0,1,7.901520677755514e-07
3,0,2,1.0423180327734372e-06
3,0,3,1.239157300325644e-06
3,0,4,1.4581123730650347e-06
3,0,5,1.649476951026685e-06
3,0,6,1.9162743272183036e-06
3,0,7,2.097561850877838e-06
3,0,8,2.3689797861159434e-06
3,0,9,2.444719298999587e-06
3,0,10,2.621629764831823e-06
3,0,11,2.4165603424997073e-06
3,0,12,2.1623152299810044e-06
3,0,13,1.6381373657559095e-06
3,0,14,1.0623538635456953e-06
3,0,15,5.766875021961937e-07
3,0,16,7.313906094097433e-07
3,0,17,9.677857938372725e-07
3,0,18,5.8222968553067744e-06
3,0,19,5.229803698991731e-06
3,0,20,4.113574698649813e-06
3,0,21,2.312005376481352e-06
3,0,22,2.0136126509529007e-06
3,0,23,1.826521500797318e-06
3,0,24,1.9028083464434076e-06
3,0,25,2.5161880436996853e-06
3,0,26,3.226241577891642e-06
3,0,27,3.7819509741687796e-06
3,0,28,4.690750004865407e-06
3,0,29,5.684493043389693e-06
3,0,30,6.8506681207836095e-06
3,0,31,7.951336295164424e-06
3,0,32,9.080950349460437e-06
3,0,33,1.037492392708117e-05
3,0,34,1.1673321876237708e-05
3,0,35,1.296098764447251e-05
3,0,36,1.4106110052036769e-05
3,0,37,1.5062035588542244e-05
3,0,38,1.548674657225746e-05
3,0,39,1.636945097072129e-05
3,0,40,1.857545526640081e-05
3,0,41,2.03273901586698e-05
3,0,42,2.072389478158243e-05
3,0,43,2.1835764783872946e-05
3,0,44,2.3196393204472088e-05
3,0,45,2.294607532959958e-05
3,0,46,2.186374170154437e-05
3,0,47,2.1413790441293656e-05
3,0,48,2.1400658519521443e-05
3,0,49,2.1784395182855576e-05
3,0,50,2.264309786914609e-05
3,0,51,2.3938451890082035e-05
3,0,52,2.5162321393601417e-05
3,0,53,2.667285427282451e-05
3,0,54,3.0403392096367554e-05
3,0,55,1.1521589087237771e-05
3,0,56,1.400947117868867e-05
3,0,57,1.993107808750949e-05
3,0,58,2.4467600696631564e-05
3,0,59,2.8246898071238036e-05
3,0,60,2.80567474404414e-05
3,0,61,2.75785375172255e-05
3,0,62,2.8867678553368137e-05
3,0,63,2.95422058269601e-05
3,0,64,3.071090882356131e-05
3,0,65,3.163811888473589e-05
3,0,66,3.2749994788527914e-05
3,0,67,3.363188299942976e-05
3,0,68,3.444686092191063e-05
3,0,69,3.5960835960135995e-05
3,0,70,3.663928673436345e-05
3,0,71,3.776983719827598e-05
3,0,72,3.80439227178897e-05
3,0,73,3.917777713535742e-05
3,0,74,3.916070380016734e-05
3,0,75,3.9787491610709935e-05
3,0,76,4.0481635732003696e-05
3,0,77,4.069678800378007e-05
3,0,78,4.10364686067588e-05
3,0,79,4.217868244538181e-05
3,0,80,4.38070876620511e-05
3,0,81,4.635535522723444e-05
3,0,82,4.9659698042159306e-05
3,0,83,5.507033796448013e-05
3,0,84,6.193100640405902e-05
3,0,85,4.7029692127775746e-05
3,0,86,2.894411237708283e-05
3,0,87,2.180073924118453e-05
3,0,88,2.918390414174965e-05
3,0,89,4.867768582839105e-05
3,0,90,4.946998211563525e-05
3,0,91,4.838997506784182e-05
3,0,92,4.8279953294150246e-05
3,0,93,4.857851952611014e-05
3,0,94,5.148981319180734e-05
3,0,95,5.392139189264178e-05
3,0,96,5.4802526033848054e-05
3,0,97,5.618179813104973e-05
3,0,98,5.7535108708872684e-05
3,0,99,5.9158585608898306e-05
3,1,100,6.225594202380336e-07
3,1,101,1.003551569844774e-06
3,1,102,1.0690565188653522e-06
3,1,103,2.938435481603108e-07
3,1,104,1.494912182931074e-06
3,1,105,8.554810855265771e-07
3,1,106,8.084552876042039e-07
3,1,107,2.3812893914509914e-06
3,1,108,4.0921655886094754e-06
3,1,109,5.797788726003006e-06
3,1,110,5.68336662176705e-06
3,1,111,2.904450393970137e-06
3,1,112,1.962769350161153e-06
3,1,113,2.0140817440506e-06
3,1,114,2.030490523274864e-06
3,1,115,8.783509080068086e-07
3,1,116,2.2198107196835792e-06
3,1,117,4.971629199435057e-06
3,1,118,6.493108991367791e-06
3,1,119,6.388908009302696e-06
3,1,120,6.798623763959455e-06
3,1,121,7.854181888866663e-06
3,1,122,9.269541784817648e-06
3,1,123,1.0469016810343845e-05
3,1,124,1.3019869501196268e-05
3,1,125,1.5497568968569908e-05
3,1,126,8.992556755682557e-06
3,1,127,4.581702413908317e-06
3,1,128,2.6534018511270574e-06
3,1,129,6.682572285310329e-06
3,1,130,1.1191390851372773e-05
3,1,131,1.1869218038640383e-05
3,1,132,1.2723037368100876e-05
3,1,133,1.426318457742326e-05
3,1,134,1.5718863353164636e-05
3,1,135,1.651041623240701e-05
3,1,136,1.806247512980974e-05
3,1,137,2.1634223208000236e-05
3,1,138,2.343813646366044e-05
3,1,139,2.0925935600768497e-05
3,1,140,1.647449866037931e-05
3,1,141,1.25142564799674e-05
3,1,142,1.8636120350912222e-05
3,1,143,2.0753061024336716e-05
3,1,144,2.1125036318458967e-05
3,1,145,2.0392742480002113e-05
3,1,146,2.1279746186486648e-05
3,1,147,2.1043866060832528e-05
3,1,148,2.1386963737324294e-05
3,1,149,2.3507249063303703e-05
3,1,150,2.5893051957215363e-05
3,1,151,2.7837056877810795e-05
3,1,152,2.9400023272785347e-05
3,1,153,3.208283197819739e-05
3,1,154,3.7642026878170753e-05
3,1,155,2.7755793231776238e-05
3,1,156,1.427472757109527e-05
3,1,157,1.3054627456821066e-05
3,1,158,3.166742537397127e-05
3,1,159,2.715322010926613e-05
3,1,160,2.6353499618991805e-05
3,1,161,2.777570884759939e-05
3,1,162,2.9161735426885826e-05
3,1,163,3.032396905133794e-05
3,1,164,3.605035965792425e-05
3,1,165,4.06470790079716e-05
3,1,166,4.2826722186806165e-05
3,1,167,3.691921147641608e-05
3,1,168,3.3494238511178054e-05
3,1,169,2.12853960235293e-05
3,1,170,2.6022298343253425e-05
3,1,171,3.550934016516294e-05
3,1,172,3.719470818497328e-05
3,1,173,3.2561674252029604e-05
3,1,174,3.1306757977134225e-05
3,1,175,3.157029394662558e-05
3,1,176,3.406006841633058e-05
3,1,177,3.7892899752201004e-05
3,1,178,4.107061439073689e-05
3,1,179,4.6334404784076355e-05
3,1,180,5.552563329214166e-05
3,1,181,5.384495791727062e-05
3,1,182,3.6271670544429924e-05
3,1,183,2.3059420769300232e-05
3,1,184,2.714279850302148e-05
3,1,185,4.381746859127844e-05
3,1,186,4.333972953718401e-05
3,1,187,4.022754160581954e-05
3,1,188,4.05182834519735e-05
3,1,189,4.038830162444995e-05
3,1,190,4.2390767146294195e-05
3,1,191,4.405826271769442e-05
3,1,192,4.819259152233357e-05
3,1,193,5.418521145283961e-05
3,1,194,3.935593019299688e-05
3,1,195,5.6463702576614594e-05
3,1,196,3.795534362982522e-05
3,1,197,3.378431700529205e-05
3,1,198,5.2621885894055254e-05
3,1,199,5.0094601697026064e-05
4,0,0,6.452059660433385e-07
4,0,1,1.4615833752174012e-06
4,0,2,2.3449196047131693e-06
4,0,3,3.4417168317535385e-06
4,0,4,4.628347856749926e-06
4,0,5,5.802653378461642e-06
4,0,6,6.990636017611962e-06
4,0,7,8.170042931521238e-06
4,0,8,9.328595212743096e-06
4,0,9,1.0437096611415342e-05
4,0,10,1.1347290457486281e-05
4,0,11,1.204584511982354e-05
4,0,12,1.2488963489154514e-05
4,0,13,1.2693990153023194e-05
4,0,14,1.3038398162468212e-05
4,0,15,1.3571933888734122e-05
4,0,16,1.3554501107959638e-05
4,0,17,9.51285748529429e-06
4,0,18,3.0068716179165733e-06
4,0,19,1.6023608430115743e-06
4,0,20,1.916376683563925e-06
4,0,21,2.7766332726386622e-06
4,0,22,4.3727928749071054e-06
4,0,23,8.103326025299395e-06
4,0,24,1.0786527564476955e-05
4,0,25,1.2238712574053068e-05
4,0,26,1.316003101825558e-05
4,0,27,1.4405068755163342e-05
4,0,28,1.5238579484488923e-05
4,0,29,1.6315741433459152e-05
4,0,30,1.782229468805241e-05
4,0,31,1.9041955792165055e-05
4,0,32,8.355189628161952e-06
4,0,33,1.3551291561664236e-06
4,0,34,1.7983202602600556e-06
4,0,35,1.5088416468245214e-05
4,0,36,1.8186952461807238e-05
4,0,37,1.826903890789211e-05
4,0,38,1.9481915654928628e-05
4,0,39,2.1017935807776666e-05
4,0,40,2.2535979188997857e-05
4,0,41,2.457535171584979e-05
4,0,42,2.650621560507105e-05
4,0,43,2.4487450825283474e-05
4,0,44,1.532276931470733e-05
4,0,45,4.56392959158336e-06
4,0,46,2.3256284800432514e-06
4,0,47,1.5441905412971746e-06
4,0,48,1.1578655390587222e-06
4,0,49,1.7475973934866218e-05
4,0,50,2.1072741199557044e-05
4,0,51,2.163658756515474e-05
4,0,52,2.3395496002276417e-05
4,0,53,2.5369685922260743e-05
4,0,54,2.7987664431794457e-05
4,0,55,2.9524809439074318e-05
4,0,56,3.17776146063764e-05
4,0,57,3.22253659112981e-05
4,0,58,2.619656292202066e-05
4,0,59,1.956212687748149e-05
4,0,60,1.5180642437773173e-05
4,0,61,1.4475494079402296e-05
4,0,62,2.3578743447494332e-05
4,0,63,2.8100120385676775e-05
4,0,64,2.748505778105148e-05
4,0,65,2.7363871316188337e-05
4,0,66,2.6573073458324714e-05
4,0,67,2.7785782485523214e-05
4,0,68,3.1157450937291387e-05
4,0,69,3.3595647895179326e-05
4,0,70,3.611431565753165e-05
4,0,71,4.0759898422670915e-05
4,0,72,4.3304340093808236e-05
4,0,73,4.1572732742967133e-05
4,0,74,2.9001562348529575e-05
4,0,75,1.2437321055935868e-05
4,0,76,1.0713773074044752e-05
4,0,77,2.8830617090580546e-05
4,0,78,2.942328953703388e-05
4,0,79,2.8808300432059397e-05
4,0,80,3.044573421129293e-05
4,0,81,3.3305150946905115e-05
4,0,82,3.592414310826797e-05
4,0,83,3.818085714746289e-05
4,0,84,4.0967921044021693e-05
4,0,85,4.4879580546552944e-05
4,0,86,4.840424182805947e-05
4,0,87,5.290808987368223e-05
4,0,88,4.703065124900263e-05
4,0,89,3.251090967459902e-05
4,0,90,3.377432200668551e-05
4,0,91,4.3976960143243815e-05
4,0,92,3.970472245939938e-05
4,0,93,3.990554956612158e-05
4,0,94,4.0464994977895685e-05
4,0,95,4.111199801348775e-05
4,0,96,4.322419868918459e-05
4,0,97,4.552560312243159e-05
4,0,98,4.761900114624851e-05
4,0,99,5.218688408836769e-05
4,1,100,6.128581957476342e-07
4,1,101,7.154774137596576e-07
4,1,102,9.22603419439838e-07
4,1,103,1.1351207609422431e-06
4,1,104,3.8720608558362457e-07
4,1,105,1.8734974958078965e-06
4,1,106,1.060019370058285e-06
4,1,107,5.360640280560602e-07
4,1,108,1.8716863241508008e-06
4,1,109,3.069302563663001e-06
4,1,110,4.187133493038786e-06
4,1,111,5.098468929931599e-06
4,1,112,5.979061526328877e-06
4,1,113,6.931373265128826e-06
4,1,114,7.364804951670578e-06
4,1,115,5.188582703041789e-06
4,1,116,2.1567289874013795e-06
4,1,117,9.770372986217524e-07
4,1,118,4.490450505878485e-07
4,1,119,2.834272407437055e-06
4,1,120,5.999485121588322e-06
4,1,121,7.16747123741257e-06
4,1,122,8.976733274490556e-06
4,1,123,1.0347095854790211e-05
4,1,124,1.1228599598789302e-05
4,1,125,1.2123176039713357e-05
4,1,126,1.2851961235682552e-05
4,1,127,1.3650604367754227e-05
4,1,128,1.438614621518397e-05
4,1,129,9.505932310638343e-06
4,1,130,2.7210803303923115e-06
4,1,131,1.5719869148611565e-06
4,1,132,2.0513120215781555e-06
4,1,133,8.025171769787676e-06
4,1,134,1.1871976568045284e-05
4,1,135,1.2680870662862276e-05
4,1,136,1.4732366672820518e-05
4,1,137,1.6367158155006223e-05
4,1,138,1.7367075984431324e-05
4,1,139,1.8633769745868278e-05
4,1,140,1.962889507800547e-05
4,1,141,2.0213031913574042e-05
4,1,142,2.200108233818554e-05
4,1,143,1.711296654072214e-05
4,1,144,6.91098090843667e-06
4,1,145,4.189958835443264e-06
4,1,146,4.291647619059091e-06
4,1,147,9.635209396785527e-06
4,1,148,1.9032812261787768e-05
4,1,149,1.7428455777679375e-05
4,1,150,1.9238957183587146e-05
4,1,151,2.182067935940779e-05
4,1,152,2.371938294132292e-05
4,1,153,2.5587647316083206e-05
4,1,154,2.7046095831817496e-05
4,1,155,2.836051301979836e-05
4,1,156,2.8266539173760208e-05
4,1,157,1.9096469562551732e-05
4,1,158,7.220841919508558e-06
4,1,159,6.70827753479486e-06
4,1,160,1.0712534386669859e-05
4,1,161,2.8937515410110137e-05
4,1,162,2.5209566533401784e-05
4,1,163,2.3834427662405844e-05
4,1,164,2.5883178866870082e-05
4,1,165,2.9909488116874883e-05
4,1,166,3.228716237613227e-05
4,1,167,3.384414189611107e-05
4,1,168,3.583032531828678e-05
4,1,169,3.659608366701761e-05
4,1,170,3.686736431829374e-05
4,1,171,3.878663043055397e-05
4,1,172,2.1655016430699447e-05
4,1,173,1.6049808708284985e-05
4,1,174,2.0925550325401332e-05
4,1,175,4.011544364912467e-05
4,1,176,3.459995885224387e-05
4,1,177,3.2572175271194936e-05
4,1,178,3.426649483895261e-05
4,1,179,3.820536538690078e-05
4,1,180,4.0041618748265506e-05
4,1,181,4.0182026521229375e-05
4,1,182,4.1827504906777335e-05
4,1,183,4.2978656625614065e-05
4,1,184,4.469365802783898e-05
4,1,185,4.806196924800332e-05
4,1,186,3.791512481532422e-05
4,1,187,3.292315569902726e-05
4,1,188,3.716563454014832e-05
4,1,189,4.830704816782827e-05
4,1,190,4.424946475500846e-05
4,1,191,4.077705426297484e-05
4,1,192,4.126766497236645e-05
4,1,193,4.5341081967631425e-05
4,1,194,4.749268282377983e-05
4,1,195,4.747524389348001e-05
4,1,196,5.016468266738627e-05
4,1,197,5.114410955808779e-05
4,1,198,4.999774512803867e-05
4,1,199,5.2122196563253453e-05
5,0,0,8.44062415517044e-07
5,0,1,1.6303096872505307e-06
5,0,2,2.3933147863530735e-06
5,0,3,2.8419446924665692e-06
5,0,4,3.6405117160853706e-06
5,0,5,4.517642785195619e-06
5,0,6,5.466747039051256e-06
5,0,7,6.5295162596790135e-06
5,0,8,7.632570402371641e-06
5,0,9,7.779642007488263e-06
5,0,10,5.988261873923761e-06
5,0,11,3.451237875040647e-06
5,0,12,2.5973619277586124e-06
5,0,13,2.50856048022996e-06
5,0,14,2.506222178677575e-06
5,0,15,2.6718145775816993e-06
5,0,16,3.021278338621869e-06
5,0,17,3.595725506233549e-06
5,0,18,3.645473926283671e-06
5,0,19,2.918304626842172e-06
5,0,20,1.7351399956844205e-06
5,0,21,2.2751551070898657e-06
5,0,22,3.5316904014592865e-06
5,0,23,4.775890119379511e-06
5,0,24,5.6410390301131486e-06
5,0,25,7.069080888655321e-06
5,0,26,9.218539204880472e-06
5,0,27,1.149229786889805e-05
5,0,28,1.3413358822766952e-05
5,0,29,1.503859266938079e-05
5,0,30,1.3985647829173331e-05
5,0,31,5.837027446276011e-06
5,0,32,1.0455701051625965e-05
5,0,33,1.094065284990009e-05
5,0,34,1.1737332373140674e-05
5,0,35,1.2857519488651548e-05
5,0,36,1.3992685717223452e-05
5,0,37,1.5430961675555466e-05
5,0,38,1.6628344414737484e-05
5,0,39,1.8762859082421812e-05
5,0,40,2.134722244839793e-05
5,0,41,2.2185411586939097e-05
5,0,42,2.1626439898891903e-05
5,0,43,1.9262330910763126e-05
5,0,44,1.6631120045129677e-05
5,0,45,1.6409805689399093e-05
5,0,46,1.790272146662275e-05
5,0,47,1.7876651563053514e-05
5,0,48,2.0620831425510744e-05
5,0,49,2.3974541538684946e-05
5,0,50,2.5592594794954238e-05
5,0,51,2.6915099712976343e-05
5,0,52,2.9551922406501063e-05
5,0,53,3.205826043428672e-05
5,0,54,3.352922336485875e-05
5,0,55,3.689142259144518e-05
5,0,56,3.1250930160986456e-05
5,0,57,1.811261577078227e-05
5,0,58,5.648360306143019e-06
5,0,59,1.931539736732546e-05
5,0,60,3.028513733438487e-05
5,0,61,2.913656572278711e-05
5,0,62,2.6680908014498073e-05
5,0,63,2.4723594339359778e-05
5,0,64,2.5694457662872594e-05
5,0,65,2.894725187996272e-05
5,0,66,3.234798362550251e-05
5,0,67,4.083963004086755e-05
5,0,68,4.740552444726376e-05
5,0,69,4.3675129322018336e-05
5,0,70,2.9879298274249066e-05
5,0,71,1.2901868596593147e-05
5,0,72,7.570139776813534e-06
5,0,73,8.818591900272565e-06
5,0,74,3.066268478746359e-05
5,0,75,2.6821675042532078e-05
5,0,76,2.64118081851894e-05
5,0,77,2.8196977558181402e-05
5,0,78,3.0440404829690237e-05
5,0,79,3.3223364989343196e-05
5,0,80,3.650079928108063e-05
5,0,81,3.959185923596564e-05
5,0,82,4.4268125678037507e-05
5,0,83,5.200840250019212e-05
5,0,84,5.79288190705185e-05
5,0,85,5.181029378853452e-05
5,0,86,4.214416413939048e-05
5,0,87,3.445512453970068e-05
5,0,88,4.0743855967750875e-05
5,0,89,4.8172251825517876e-05
5,0,90,3.8316094963741776e-05
5,0,91,3.9594203350645785e-05
5,0,92,3.921278204210843e-05
5,0,93,3.833951628484655e-05
5,0,94,4.068864184492149e-05
5,0,95,4.4415878433401446e-05
5,0,96,4.855011626192507e-05
5,0,97,5.312360179443587e-05
5,0,98,5.841117641569582e-05
5,0,99,6.150935953863623e-05
5,1,100,3.1625802421331173e-07
5,1,101,6.103905083598704e-07
5,1,102,3.214094337344875e-07
5,1,103,6.387867039769901e-07
5,1,104,9.043673472319824e-07
5,1,105,2.7873428498637054e-07
5,1,106,1.7120650328550369e-06
5,1,107,2.9833470231999115e-06
5,1,108,3.984131412115843e-06
5,1,109,4.818085757918311e-06
5,1,110,5.184095970500735e-06
5,1,111,5.428431892440244e-06
5,1,112,4.800946134642103e-06
5,1,113,1.9106694599813068e-06
5,1,114,4.929124988173328e-07
5,1,115,3.4850884134129956e-07
5,1,116,7.338513450250161e-07
5,1,117,3.291427418616877e-06
5,1,118,5.607303091625937e-06
5,1,119,6.924865709301287e-06
5,1,120,8.380636011384723e-06
5,1,121,9.444805437297532e-06
5,1,122,1.0094532012949742e-05
5,1,123,1.1206418697895515e-05
5,1,124,1.1857322540720361e-05
5,1,125,1.2482664331070481e-05
5,1,126,8.17059110769236e-06
5,1,127,3.1226051993016313e-06
5,1,128,1.4990133632153402e-06
5,1,129,1.5312451098203894e-06
5,1,130,6.474429734559806e-06
5,1,131,1.0461952844043054e-05
5,1,132,1.141362759549125e-05
5,1,133,1.3442742874847369e-05
5,1,134,1.506929527916867e-05
5,1,135,1.6065601468051582e-05
5,1,136,1.7280714383227647e-05
5,1,137,1.846617957435015e-05
5,1,138,1.9315496626592932e-05
5,1,139,2.0270046795722862e-05
5,1,140,1.9072695680133478e-05
5,1,141,1.2588350989606312e-05
5,1,142,6.303246515848571e-06
5,1,143,5.275625749590063e-06
5,1,144,9.624485541426253e-06
5,1,145,1.955580539947377e-05
5,1,146,1.6986163532628495e-05
5,1,147,1.8181094445957058e-05
5,1,148,2.0076406925806367e-05
5,1,149,2.164315697239516e-05
5,1,150,2.34061777928396e-05
5,1,151,2.5586660108878334e-05
5,1,152,2.726415512466218e-05
5,1,153,2.903605514426033e-05
5,1,154,2.8698625045731063e-05
5,1,155,1.836857432824246e-05
5,1,156,7.953153590811723e-06
5,1,157,7.177100393551683e-06
5,1,158,1.0287564485178535e-05
5,1,159,2.474803225527289e-05
5,1,160,2.4215003152638914e-05
5,1,161,2.3151435740720316e-05
5,1,162,2.5415633073455624e-05
5,1,163,2.8275713194858554e-05
5,1,164,2.97291697868296e-05
5,1,165,3.14340798039936e-05
5,1,166,3.342253282134777e-05
5,1,167,3.472853116281982e-05
5,1,168,3.534972112895218e-05
5,1,169,3.848909540771217e-05
5,1,170,2.717195552781604e-05
5,1,171,1.5032537248327316e-05
5,1,172,1.1641798152606242e-05
5,1,173,3.068595129462892e-05
5,1,174,3.4448413833487734e-05
5,1,175,3.068033758668598e-05
5,1,176,3.1328379533679396e-05
5,1,177,3.441304666296219e-05
5,1,178,3.5783999234428876e-05
5,1,179,3.7101860644650486e-05
5,1,180,3.926391171393817e-05
5,1,181,4.10037745921521e-05
5,1,182,4.474245932550858e-05
5,1,183,4.5763992941427745e-05
5,1,184,3.404320725097776e-05
5,1,185,2.0251331227960634e-05
5,1,186,1.9128819447988832e-05
5,1,187,3.536452967933812e-05
5,1,188,3.8691223157361065e-05
5,1,189,3.676376819194971e-05
5,1,190,3.8282542693668375e-05
5,1,191,4.1836032723896466e-05
5,1,192,4.287952403192463e-05
5,1,193,4.2790613491217044e-05
5,1,194,4.489821534026106e-05
5,1,195,4.67351435098351e-05
5,1,196,4.721175454314164e-05
5,1,197,4.842850452702052e-05
5,1,198,5.630194059813576e-05
5,1,199,4.9112902428927185e-05
6,0,0,9.024355707154541e-07
6,0,1,1.7179398179578698e-06
6,0,2,2.513364756318026e-06
6,0,3,3.1348574633938142e-06
6,0,4,3.704545256333347e-06
6,0,5,4.31033793457658e-06
6,0,6,5.193498040956257e-06
6,0,7,6.308038259295046e-06
6,0,8,7.84415182986109e-06
6,0,9,9.297860672052849e-06
6,0,10,1.024275791472462e-05
6,0,11,9.837167547654957e-06
6,0,12,7.628336503806565e-06
6,0,13,5.047405344793532e-06
6,0,14,3.7608017358081725e-06
6,0,15,3.2593723635621075e-06
6,0,16,2.916403806896284e-06
6,0,17,3.07186966042039e-06
6,0,18,3.3228972906584886e-06
6,0,19,3.4066729939219442e-06
6,0,20,4.4648105466116306e-06
6,0,21,5.370311329411237e-06
6,0,22,5.129015411942106e-06
6,0,23,6.331885399557535e-06
6,0,24,8.301968710711094e-06
6,0,25,9.658255207156685e-06
6,0,26,1.1452199463857227e-05
6,0,27,1.345152276854833e-05
6,0,28,1.4858822451113696e-05
6,0,29,1.5476806581204983e-05
6,0,30,7.243400470091643e-06
6,0,31,1.2906778459331747e-06
6,0,32,2.878842293885242e-06
6,0,33,1.1958592878613672e-05
6,0,34,1.1646483133898045e-05
6,0,35,1.1976864152885014e-05
6,0,36,1.2949492883329583e-05
6,0,37,1.4049038597807595e-05
6,0,38,1.5326623925560057e-05
6,0,39,1.6597879655133596e-05
6,0,40,1.8593004508904443e-05
6,0,41,2.149871172996143e-05
6,0,42,2.1922868212786994e-05
6,0,43,1.9891323664644744e-05
6,0,44,1.5327536283749055e-05
6,0,45,9.299580244537253e-06
6,0,46,5.880556992465813e-06
6,0,47,6.224509347951823e-06
6,0,48,1.6078358371807155e-05
6,0,49,1.862022405818564e-05
6,0,50,2.0142543710743865e-05
6,0,51,2.2202320847153345e-05
6,0,52,2.3568100102622225e-05
6,0,53,2.5434800612345043e-05
6,0,54,2.6495494827916133e-05
6,0,55,2.8965433211958214e-05
6,0,56,3.2466545502263244e-05
6,0,57,3.320229120973295e-05
6,0,58,2.7527381991188093e-05
6,0,59,2.157720235507199e-05
6,0,60,1.5457397112950133e-05
6,0,61,1.579194068490608e-05
6,0,62,2.682233653317212e-05
6,0,63,2.781422449515958e-05
6,0,64,2.6003851670841627e-05
6,0,65,2.623720294669951e-05
6,0,66,2.9105483071667493e-05
6,0,67,3.223462992174575e-05
6,0,68,3.7024993858381094e-05
6,0,69,4.302906282260821e-05
6,0,70,4.511135120122134e-05
6,0,71,4.2326827343952544e-05
6,0,72,2.651766087691243e-05
6,0,73,1.0442943647159808e-05
6,0,74,7.534756358396066e-06
6,0,75,1.0982921855529071e-05
6,0,76,3.057203934409003e-05
6,0,77,2.7385605494201215e-05
6,0,78,2.8748452564952842e-05
6,0,79,3.12441784795503e-05
6,0,80,3.430921795954944e-05
6,0,81,3.7329451278100834e-05
6,0,82,4.0064882803836355e-05
6,0,83,4.419807713729185e-05
6,0,84,5.0597026694632063e-05
6,0,85,5.593468514897282e-05
6,0,86,5.388129149208609e-05
6,0,87,4.388967679513911e-05
6,0,88,3.6491380285497144e-05
6,0,89,3.868958572228465e-05
6,0,90,4.374821979258314e-05
6,0,91,3.675847558759493e-05
6,0,92,3.81959563449108e-05
6,0,93,3.8531997845980825e-05
6,0,94,3.829633797947096e-05
6,0,95,4.079762141295795e-05
6,0,96,4.404167048344121e-05
6,0,97,4.722957808134254e-05
6,0,98,5.2906538943631176e-05
6,0,99,5.844679944200237e-05
6,1,100,3.163946113993177e-07
6,1,101,6.066945337224183e-07
6,1,102,9.729042576012148e-07
6,1,103,7.482063772989989e-07
6,1,104,8.742777035664062e-07
6,1,105,1.886997483158126e-06
6,1,106,7.256167826596993e-07
6,1,107,6.730102048990716e-07
6,1,108,2.018126227021355e-06
6,1,109,3.1236133259948673e-06
6,1,110,4.118838898836685e-06
6,1,111,4.8067914686367175e-06
6,1,112,5.5822767399682505e-06
6,1,113,6.177076309343832e-06
6,1,114,4.442523920289432e-06
6,1,115,1.5850306391840263e-06
6,1,116,7.721824957229728e-07
6,1,117,7.132642076967954e-07
6,1,118,7.949281006780495e-07
6,1,119,4.373092024501091e-06
6,1,120,5.773100421269106e-06
6,1,121,7.2751638588997025e-06
6,1,122,8.626058663807612e-06
6,1,123,9.421335163573019e-06
6,1,124,1.0525256475935052e-05
6,1,125,1.1477624236366779e-05
6,1,126,1.2418400275659991e-05
6,1,127,1.045455642678661e-05
6,1,128,5.028880019963822e-06
6,1,129,1.737835140236399e-06
6,1,130,1.3529271241097263e-06
6,1,131,2.402419440716841e-06
6,1,132,1.0759982492114517e-05
6,1,133,1.0608627718067254e-05
6,1,134,1.1949085402918058e-05
6,1,135,1.3535665744912606e-05
6,1,136,1.5029950167111394e-05
6,1,137,1.6229878986084856e-05
6,1,138,1.7617759370480712e-05
6,1,139,1.879739863275276e-05
6,1,140,1.9840169529050655e-05
6,1,141,2.0894379078928438e-05
6,1,142,1.4675135141750673e-05
6,1,143,6.311703198758067e-06
6,1,144,4.6917021654380164e-06
6,1,145,5.540502427736627e-06
6,1,146,1.7027968827632023e-05
6,1,147,1.6969651283060827e-05
6,1,148,1.6733110594913114e-05
6,1,149,1.8613526802990776e-05
6,1,150,2.0534889939582968e-05
6,1,151,2.2347062911265425e-05
6,1,152,2.444423603686907e-05
6,1,153,2.629227515571486e-05
6,1,154,2.77568754007973e-05
6,1,155,2.9912804032861118e-05
6,1,156,2.058659285797404e-05
6,1,157,8.414739266271454e-06
6,1,158,6.439659500312445e-06
6,1,159,8.588516281271552e-06
6,1,160,2.1926747385991874e-05
6,1,161,2.4192304088010985e-05
6,1,162,2.2305481539586225e-05
6,1,163,2.4340773721265307e-05
6,1,164,2.782987708216389e-05
6,1,165,3.0015428649221576e-05
6,1,166,3.125370353629364e-05
6,1,167,3.32453615210504e-05
6,1,168,3.474211923526482e-05
6,1,169,3.460603072946711e-05
6,1,170,3.5297070521078666e-05
6,1,171,3.6218996445569474e-05
6,1,172,3.2213830906346885e-05
6,1,173,1.5809026582935815e-05
6,1,174,2.1258962315418017e-05
6,1,175,3.5412691212766134e-05
6,1,176,3.1024238942301e-05
6,1,177,3.1209672587628745e-05
6,1,178,3.4865254034510684e-05
6,1,179,3.730219704412008e-05
6,1,180,3.8022997032260974e-05
6,1,181,3.979808814591479e-05
6,1,182,4.108818076353771e-05
6,1,183,4.224593305268698e-05
6,1,184,4.664259603037735e-05
6,1,185,4.4396895660714364e-05
6,1,186,3.0002202974888093e-05
6,1,187,2.1621970239138477e-05
6,1,188,2.886114011779739e-05
6,1,189,4.2385054646487674e-05
6,1,190,3.806983361576144e-05
6,1,191,3.7922395460299185e-05
6,1,192,4.1917882617870106e-05
6,1,193,4.528613793208791e-05
6,1,194,4.425466786894816e-05
6,1,195,4.6452805062990876e-05
6,1,196,4.838095087533745e-05
6,1,197,4.8351495183673876e-05
6,1,198,4.8546605690980016e-05
6,1,199,5.5846779074553154e-05
7,0,0,6.373771899159664e-07
7,0,1,1.3996112251390969e-06
7,0,2,2.31907872749737e-06
7,0,3,2.908524864508877e-06
7,0,4,2.4911222438195324e-06
7,0,5,9.072214082195273e-07
7,0,6,1.6988028224140805e-06
7,0,7,1.8520049072101585e-06
7,0,8,1.1555360321935382e-06
7,0,9,1.1587964079962099e-06
7,0,10,1.94430171962523e-06
7,0,11,3.4864969475911778e-06
7,0,12,4.3960255986519314e-06
7,0,13,5.260613946234116e-06
7,0,14,6.269789122104186e-06
7,0,15,7.3050806195240625e-06
7,0,16,8.305762862370614e-06
7,0,17,9.314774617408261e-06
7,0,18,1.0060212385809564e-05
7,0,19,1.0374225585474406e-05
7,0,20,1.0940759569422198e-05
7,0,21,1.1932827074234709e-05
7,0,22,1.2847766569068497e-05
7,0,23,1.355117977874798e-05
7,0,24,1.4128924572309742e-05
7,0,25,1.470490639965405e-05
7,0,26,1.4912096996333446e-05
7,0,27,1.4651934770792963e-05
7,0,28,1.4551698956033476e-05
7,0,29,1.5041296939077853e-05
7,0,30,1.5944884359964107e-05
7,0,31,1.7331471699577605e-05
7,0,32,1.937492758230519e-05
7,0,33,1.911253958608583e-05
7,0,34,1.4049031930252198e-05
7,0,35,8.207578134467042e-06
7,0,36,5.0238615800779485e-06
7,0,37,5.6555769489818886e-06
7,0,38,9.166006770477964e-06
7,0,39,1.6338201786592066e-05
7,0,40,1.9068408928291092e-05
7,0,41,2.1521838946991778e-05
7,0,42,2.231162034371792e-05
7,0,43,2.232273728264289e-05
7,0,44,2.233408481888688e-05
7,0,45,2.2198829585207136e-05
7,0,46,2.2707632882035256e-05
7,0,47,2.299387878368364e-05
7,0,48,1.500247184438308e-05
7,0,49,6.915887450276159e-06
7,0,50,8.694891618699074e-06
7,0,51,1.4331898083419503e-05
7,0,52,2.6691378594900783e-05
7,0,53,2.6656543996583792e-05
7,0,54,2.8188397128037224e-05
7,0,55,3.151814065516234e-05
7,0,56,3.293875877474761e-05
7,0,57,3.326366943934289e-05
7,0,58,3.309894566339011e-05
7,0,59,3.248119058119059e-05
7,0,60,3.0080882575944656e-05
7,0,61,2.222396390516579e-05
7,0,62,7.073449411088006e-06
7,0,63,5.65279852260403e-06
7,0,64,9.204170971166548e-06
7,0,65,2.1786542586887947e-05
7,0,66,2.7594644741446572e-05
7,0,67,2.70849983907695e-05
7,0,68,3.064131514340929e-05
7,0,69,3.363030074687856e-05
7,0,70,3.619116743935891e-05
7,0,71,3.851421169986935e-05
7,0,72,3.823599464691796e-05
7,0,73,4.0403308972258856e-05
7,0,74,4.015875655838386e-05
7,0,75,2.9469305758755837e-05
7,0,76,2.2361828198480538e-05
7,0,77,2.1514825130797277e-05
7,0,78,3.225589013133856e-05
7,0,79,3.810599627218636e-05
7,0,80,3.115413986298776e-05
7,0,81,3.114724436459326e-05
7,0,82,3.202898683407618e-05
7,0,83,3.318369986993197e-05
7,0,84,3.624827732640057e-05
7,0,85,3.9409414676061516e-05
7,0,86,4.246290630671723e-05
7,0,87,4.72237434778755e-05
7,0,88,5.131667023050568e-05
7,0,89,5.0086921440595233e-05
7,0,90,3.149816498737579e-05
7,0,91,1.5673818916983606e-05
7,0,92,1.7106507886666122e-05
7,0,93,3.477170461341217e-05
7,0,94,3.603329456147719e-05
7,0,95,3.535115398323185e-05
7,0,96,3.763211200213945e-05
7,0,97,4.1339478798363416e-05
7,0,98,4.396953436458517e-05
7,0,99,4.65926960346863e-05
7,1,100,1.0627203339552693e-06
7,1,101,1.5941308395550635e-06
7,1,102,2.599107748135765e-06
7,1,103,3.1373963058634047e-06
7,1,104,2.8976649177892e-06
7,1,105,1.968975042121457e-06
7,1,106,1.4295868724367722e-06
7,1,107,7.719258467986378e-07
7,1,108,1.1252326448385475e-06
7,1,109,3.0578629903743604e-06
7,1,110,4.670974987686094e-06
7,1,111,5.6947225957060255e-06
7,1,112,6.644082003681717e-06
7,1,113,7.76411705105673e-06
7,1,114,8.764994821497396e-06
7,1,115,9.5482404081082e-06
7,1,116,1.1503883260211012e-05
7,1,117,1.2702978079204286e-05
7,1,118,1.0413234955652939e-05
7,1,119,6.368645772969472e-06
7,1,120,3.324660882597641e-06
7,1,121,5.668110986789543e-06
7,1,122,1.117419583485102e-05
7,1,123,1.0914243600446127e-05
7,1,124,1.2588004236757655e-05
7,1,125,1.4154534338839397e-05
7,1,126,1.539546216822174e-05
7,1,127,1.659525014918728e-05
7,1,128,1.7745694779858212e-05
7,1,129,1.8657168140645553e-05
7,1,130,1.9563478077522234e-05
7,1,131,2.1389667758775488e-05
7,1,132,2.088763423158113e-05
7,1,133,1.3060932123831748e-05
7,1,134,5.77655544642397e-06
7,1,135,3.572558672892967e-06
7,1,136,6.582522146025838e-06
7,1,137,1.680832922712483e-05
7,1,138,1.8070385900958996e-05
7,1,139,2.0107666865776253e-05
7,1,140,2.1347852313446936e-05
7,1,141,2.2773287298605283e-05
7,1,142,2.4338627061304408e-05
7,1,143,2.5162186491289873e-05
7,1,144,2.7365601702467046e-05
7,1,145,2.7869308503625234e-05
7,1,146,1.1885040755998943e-05
7,1,147,3.266767449439101e-06
7,1,148,3.3123735239115604e-06
7,1,149,4.573647419903182e-06
7,1,150,2.0619513634079212e-05
7,1,151,2.328219401537268e-05
7,1,152,2.3214647361324836e-05
7,1,153,2.565145519106693e-05
7,1,154,2.8123050439976538e-05
7,1,155,2.908145217173086e-05
7,1,156,3.072089973521486e-05
7,1,157,3.1639303519792605e-05
7,1,158,3.359938017988284e-05
7,1,159,3.684445452156737e-05
7,1,160,2.6146641146418403e-05
7,1,161,1.4119261583012133e-05
7,1,162,9.768916086727586e-06
7,1,163,1.2354525030566776e-05
7,1,164,2.3103191926665545e-05
7,1,165,3.113944861254936e-05
7,1,166,2.7963736080494073e-05
7,1,167,3.05009135734835e-05
7,1,168,3.4336759906050673e-05
7,1,169,3.5301123066933116e-05
7,1,170,3.785065848349589e-05
7,1,171,4.0015446894692275e-05
7,1,172,4.1004416618584116e-05
7,1,173,4.605115974909424e-05
7,1,174,3.5514824859639305e-05
7,1,175,2.3651011250791498e-05
7,1,176,2.2590119880483428e-05
7,1,177,2.941914025855752e-05
7,1,178,4.350631191307741e-05
7,1,179,3.74984364861497e-05
7,1,180,3.6176816390565136e-05
7,1,181,3.880000310108045e-05
7,1,182,4.2841818366667894e-05
7,1,183,4.241598153109649e-05
7,1,184,4.3480789073679915e-05
7,1,185,4.557363867219166e-05
7,1,186,4.6542322265974434e-05
7,1,187,4.617587746391649e-05
7,1,188,4.6704394668140026e-05
7,1,189,5.405367265165495e-05
7,1,190,5.377394122252355e-05
7,1,191,4.206121180372335e-05
7,1,192,4.6321661487436216e-05
7,1,193,4.6678180526171786e-05
7,1,194,4.451921132941905e-05
7,1,195,4.715664915133644e-05
7,1,196,5.1493555484061204e-05
7,1,197,5.2865639501575856e-05
7,1,198,5.279061523077999e-05
7,1,199,5.4946882584783197e-05
8,0,0,3.988803820575981e-07
8,0,1,1.7196195090107835e-07
8,0,2,3.141939863837706e-07
8,0,3,5.916449725695827e-07
8,0,4,6.716458655908752e-07
8,0,5,6.501022462579442e-07
8,0,6,6.765223132809695e-07
8,0,7,8.853198938396645e-07
8,0,8,1.2078919824354273e-06
8,0,9,1.3239954395061204e-06
8,0,10,1.5182283159553833e-06
8,0,11,8.244015057279341e-07
8,0,12,1.0877235441242306e-06
8,0,13,3.672061197335097e-07
8,0,14,4.900999406309836e-07
8,0,15,5.650038411575409e-07
8,0,16,1.5166392843823928e-06
8,0,17,1.3751969270003883e-06
8,0,18,1.2251581309463688e-06
8,0,19,2.3603794669924127e-06
8,0,20,3.3726713066783987e-06
8,0,21,4.5449264804986456e-06
8,0,22,6.0004349662357015e-06
8,0,23,7.637576779018218e-06
8,0,24,9.212215908771526e-06
8,0,25,1.0043855686703296e-05
8,0,26,1.0337786206626731e-05
8,0,27,1.0895333429683518e-05
8,0,28,1.2069958194693697e-05
8,0,29,1.3152719014364322e-05
8,0,30,1.385647113449906e-05
8,0,31,1.4252756420862767e-05
8,0,32,1.4795815884927066e-05
8,0,33,1.5799402622640457e-05
8,0,34,1.694410584685002e-05
8,0,35,1.782602322197846e-05
8,0,36,1.8415031580509833e-05
8,0,37,1.8638739195608878e-05
8,0,38,1.849685407240287e-05
8,0,39,1.8090811622517577e-05
8,0,40,1.8024679128370025e-05
8,0,41,1.8605600444310255e-05
8,0,42,1.9493269189485574e-05
8,0,43,2.052837518906614e-05
8,0,44,2.1593090865135167e-05
8,0,45,2.2484804702127548e-05
8,0,46,2.343727125952988e-05
8,0,47,2.4794004329198316e-05
8,0,48,2.609401055009286e-05
8,0,49,2.7182915511847483e-05
8,0,50,2.911794270010759e-05
8,0,51,3.251094351286454e-05
8,0,52,3.3482612538993095e-05
8,0,53,1.8213715366144356e-05
8,0,54,6.952738514254264e-06
8,0,55,7.190125706824091e-06
8,0,56,7.987750476168287e-06
8,0,57,1.798315884160573e-05
8,0,58,2.400913343825195e-05
8,0,59,3.041662899283537e-05
8,0,60,3.332616108497888e-05
8,0,61,3.204370690879088e-05
8,0,62,3.19049495201007e-05
8,0,63,3.202951142400323e-05
8,0,64,3.307074226155393e-05
8,0,65,3.343244354825359e-05
8,0,66,3.007584359471238e-05
8,0,67,1.0049304227432998e-05
8,0,68,5.820178391235942e-06
8,0,69,7.589278457231785e-06
8,0,70,2.56287293889379e-05
8,0,71,3.882401611265962e-05
8,0,72,3.792132252078417e-05
8,0,73,3.984185930550055e-05
8,0,74,4.204181095923687e-05
8,0,75,4.2809148702804833e-05
8,0,76,4.357488608430771e-05
8,0,77,4.349890464272477e-05
8,0,78,4.3198035115654676e-05
8,0,79,3.661060978288333e-05
8,0,80,1.8806506905999498e-05
8,0,81,8.831470416303944e-06
8,0,82,1.0824124706765303e-05
8,0,83,3.328359029652894e-05
8,0,84,3.917268263875506e-05
8,0,85,3.8985122740253786e-05
8,0,86,4.044589036777957e-05
8,0,87,4.172615357789233e-05
8,0,88,4.176213231699144e-05
8,0,89,4.3272832832785824e-05
8,0,90,4.470525996547181e-05
8,0,91,4.6553529343018596e-05
8,0,92,4.8942296343224e-05
8,0,93,5.2339374025933694e-05
8,0,94,5.040117085020057e-05
8,0,95,4.2674766088879323e-05
8,0,96,3.287302603771636e-05
8,0,97,3.2819442669307364e-05
8,0,98,4.3407991046073846e-05
8,0,99,4.0156477431718685e-05
8,1,100,1.0420916227715793e-06
8,1,101,2.044315862370638e-06
8,1,102,3.28444801889205e-06
8,1,103,4.569044467661598e-06
8,1,104,5.7021528103717856e-06
8,1,105,6.401896609720126e-06
8,1,106,6.421784717769441e-06
8,1,107,6.40656775852122e-06
8,1,108,4.7966332425986025e-06
8,1,109,1.2260999278090878e-06
8,1,110,1.8430940107450056e-07
8,1,111,3.551240674859457e-07
8,1,112,5.7519335641131875e-06
8,1,113,7.747171178351664e-06
8,1,114,9.414220019987596e-06
8,1,115,1.0664645484936841e-05
8,1,116,1.150664322402406e-05
8,1,117,1.2300205574078404e-05
8,1,118,1.3128249265914604e-05
8,1,119,1.3352206195360594e-05
8,1,120,1.3297089665798012e-05
8,1,121,1.4892585582959583e-05
8,1,122,1.4419593087566795e-05
8,1,123,5.473605697137174e-06
8,1,124,5.369808112387631e-06
8,1,125,1.1494730831174138e-05
8,1,126,1.6817743432095966e-05
8,1,127,1.6491321863210118e-05
8,1,128,1.8355528256464027e-05
8,1,129,2.0324372226987464e-05
8,1,130,2.1696105116042474e-05
8,1,131,2.2367153301949827e-05
8,1,132,2.279674813410182e-05
8,1,133,2.3272334151336338e-05
8,1,134,2.3774330034864732e-05
8,1,135,2.563934562438419e-05
8,1,136,2.2512230113846954e-05
8,1,137,1.738345765556204e-05
8,1,138,1.795997690523521e-05
8,1,139,1.6851047427657306e-05
8,1,140,2.624315027022206e-05
8,1,141,2.4677662455285798e-05
8,1,142,2.6569221371008922e-05
8,1,143,2.8759747967566085e-05
8,1,144,3.029447455027423e-05
8,1,145,3.194120356164731e-05
8,1,146,3.39407122336155e-05
8,1,147,3.530641593885164e-05
8,1,148,3.601265879060733e-05
8,1,149,3.638151060103567e-05
8,1,150,3.807921303033979e-05
8,1,151,2.644998803802423e-05
8,1,152,1.008660110191073e-05
8,1,153,6.99090140443559e-06
8,1,154,1.4185296131508096e-05
8,1,155,3.4483437106658243e-05
8,1,156,3.378224682926145e-05
8,1,157,3.624526960255281e-05
8,1,158,3.892587288767402e-05
8,1,159,3.988375663510624e-05
8,1,160,4.104949909766731e-05
8,1,161,4.206258770844684e-05
8,1,162,4.077583194739276e-05
8,1,163,4.561480637876869e-05
8,1,164,3.7926625029882644e-05
8,1,165,1.54069031523818e-05
8,1,166,1.0286474903864473e-05
8,1,167,1.5550678639453253e-05
8,1,168,3.1765943800721175e-05
8,1,169,4.44786091979843e-05
8,1,170,3.957744790472617e-05
8,1,171,3.9179889531837375e-05
8,1,172,4.2055583292288645e-05
8,1,173,4.29802077950292e-05
8,1,174,4.4827894184695793e-05
8,1,175,4.7573817417934094e-05
8,1,176,4.909669350716683e-05
8,1,177,5.358507976982452e-05
8,1,178,4.369229958678389e-05
8,1,179,2.4273374886529808e-05
8,1,180,2.696778777888653e-05
8,1,181,4.301885649393711e-05
8,1,182,5.21353230880095e-05
8,1,183,4.892939175560329e-05
8,1,184,4.351867150642619e-05
8,1,185,4.4064874959559575e-05
8,1,186,4.735285945800527e-05
8,1,187,4.9262507932024135e-05
8,1,188,5.1825695436047425e-05
8,1,189,5.386652614358667e-05
8,1,190,5.526613889372811e-05
8,1,191,5.5061426206926e-05
8,1,192,5.597095994591683e-05
8,1,193,4.5150345346911536e-05
8,1,194,4.390938835996394e-05
8,1,195,5.211942419780513e-05
8,1,196,5.359073415878157e-05
8,1,197,5.292963374481374e-05
8,1,198,5.2689640495984236e-05
8,1,199,5.591438483598665e-05
9,0,0,6.624666997190332e-07
9,0,1,1.1422229029278697e-06
9,0,2,1.0505846192998547e-06
9,0,3,1.253011531421322e-06
9,0,4,1.5292529540467115e-06
9,0,5,1.5281288576751706e-06
9,0,6,1.6949888310691108e-06
9,0,7,2.0744393220972768e-06
9,0,8,2.5158483487608407e-06
9,0,9,3.0036617970630175e-06
9,0,10,3.2763404855806755e-06
9,0,11,3.4383584321950877e-06
9,0,12,2.3022377648729275e-06
9,0,13,9.042065407527389e-07
9,0,14,1.263200433143652e-06
9,0,15,2.3208109940497934e-06
9,0,16,6.140444144264734e-07
9,0,17,7.15786967031562e-07
9,0,18,1.263464814993398e-06
9,0,19,2.3828858823904397e-06
9,0,20,4.536611605487906e-06
9,0,21,6.308104286478766e-06
9,0,22,3.092687737904498e-06
9,0,23,8.460614098204644e-07
9,0,24,7.125959735343468e-07
9,0,25,7.69360258612295e-07
9,0,26,9.537409049187318e-07
9,0,27,2.9963943606325927e-06
9,0,28,2.205792834164555e-06
9,0,29,3.2695030860452334e-06
9,0,30,4.301991797905913e-06
9,0,31,5.202952947591655e-06
9,0,32,6.184633435601938e-06
9,0,33,7.2208938965978575e-06
9,0,34,8.27614634069107e-06
9,0,35,9.737591528224954e-06
9,0,36,1.1073896418523077e-05
9,0,37,1.254075633028151e-05
9,0,38,1.4063052139690058e-05
9,0,39,1.5565668333383798e-05
9,0,40,1.7396356732923834e-05
9,0,41,1.934998290709089e-05
9,0,42,2.142899900858808e-05
9,0,43,2.431265609903477e-05
9,0,44,2.5515956431299003e-05
9,0,45,9.661295670149173e-06
9,0,46,2.354579147123559e-05
9,0,47,1.7406204614545118e-05
9,0,48,2.116904257487562e-05
9,0,49,2.225143766043658e-05
9,0,50,2.0072757277667108e-05
9,0,51,2.0165915997516493e-05
9,0,52,2.235672348316342e-05
9,0,53,2.203397406042029e-05
9,0,54,2.1879807019065112e-05
9,0,55,2.0711626892655488e-05
9,0,56,1.9780990172968416e-05
9,0,57,1.9939986503736407e-05
9,0,58,2.1028157863867136e-05
9,0,59,2.251472575443003e-05
9,0,60,2.4944893655121092e-05
9,0,61,3.122689769341491e-05
9,0,62,3.614644342864182e-05
9,0,63,4.0290070582038595e-05
9,0,64,4.3304576236469217e-05
9,0,65,4.502813279527729e-05
9,0,66,2.4052771027793796e-05
9,0,67,3.323490602946677e-05
9,0,68,2.5992446435640915e-05
9,0,69,2.6052316875802006e-05
9,0,70,2.660057229197932e-05
9,0,71,2.7491562474946107e-05
9,0,72,3.197306100632957e-05
9,0,73,3.328080677755807e-05
9,0,74,3.299874468742914e-05
9,0,75,3.4530085440298564e-05
9,0,76,3.6832164806099854e-05
9,0,77,4.137338018139758e-05
9,0,78,4.9374337236951504e-05
9,0,79,5.7152165833684876e-05
9,0,80,3.221747807957698e-05
9,0,81,1.5929783470536307e-05
9,0,82,1.5409483763662024e-05
9,0,83,2.5188624293903672e-05
9,0,84,4.386200591710576e-05
9,0,85,3.984631424192031e-05
9,0,86,3.850015747675073e-05
9,0,87,3.8132388778144843e-05
9,0,88,3.742747691637405e-05
9,0,89,3.768150724292596e-05
9,0,90,3.8568208930556125e-05
9,0,91,4.0007519489293486e-05
9,0,92,4.2559853433488115e-05
9,0,93,4.676388208757487e-05
9,0,94,5.184223725729353e-05
9,0,95,5.67713564159078e-05
9,0,96,5.9496759888144624e-05
9,0,97,5.80911643921489e-05
9,0,98,3.487540150581836e-05
9,0,99,3.485080284626463e-05
9,1,100,3.5420362465288235e-07
9,1,101,1.4664088396898478e-06
9,1,102,2.718199064499771e-06
9,1,103,4.217121649663369e-06
9,1,104,5.435796512909263e-06
9,1,105,5.568890359963774e-06
9,1,106,3.407746527628319e-06
9,1,107,1.4937534764669635e-07
9,1,108,1.0446813769604546e-07
9,1,109,4.937717292818888e-07
9,1,110,1.7683749953256722e-06
9,1,111,4.352623310222015e-06
9,1,112,5.8800968676386844e-06
9,1,113,7.40382547625984e-06
9,1,114,8.724410928362403e-06
9,1,115,9.471615786793564e-06
9,1,116,1.0098033916161597e-05
9,1,117,1.1059058123707999e-05
9,1,118,1.1949402496380657e-05
9,1,119,1.2251309533528598e-05
9,1,120,1.123427604854399e-05
9,1,121,2.412426881370777e-06
9,1,122,2.323490366773484e-06
9,1,123,3.1467378356353493e-06
9,1,124,1.0184441936011979e-05
9,1,125,1.1701645791895032e-05
9,1,126,1.2746316562672888e-05
9,1,127,1.479762774847515e-05
9,1,128,1.6593394700503694e-05
9,1,129,1.7065300443874776e-05
9,1,130,1.717524123501235e-05
9,1,131,1.7885283535967744e-05
9,1,132,1.881138590720255e-05
9,1,133,1.9836150364493932e-05
9,1,134,2.217133223991752e-05
9,1,135,1.7356176624350184e-05
9,1,136,1.377773495736534e-05
9,1,137,1.3377905515810085e-05
9,1,138,1.8145903373678607e-05
9,1,139,2.21367661956684e-05
9,1,140,2.181221379915499e-05
9,1,141,2.2442161152547158e-05
9,1,142,2.4750984048527158e-05
9,1,143,2.5248119620346898e-05
9,1,144,2.478180559428722e-05
9,1,145,2.595400599725295e-05
9,1,146,2.7575432412607626e-05
9,1,147,2.915561182659232e-05
9,1,148,3.0377181292173816e-05
9,1,149,3.464140826059392e-05
9,1,150,2.9096649472926117e-05
9,1,151,2.309466217953471e-05
9,1,152,2.0899154808518006e-05
9,1,153,2.5751515872141084e-05
9,1,154,3.505925862423709e-05
9,1,155,2.8836009198673906e-05
9,1,156,3.030238945056496e-05
9,1,157,3.30055689241604e-05
9,1,158,3.377376036040047e-05
9,1,159,3.3748723196946884e-05
9,1,160,3.4626744612520355e-05
9,1,161,3.65965387927325e-05
9,1,162,3.812827903759697e-05
9,1,163,3.7930085165172045e-05
9,1,164,4.565441633541667e-05
9,1,165,1.7831257553169166e-05
9,1,166,3.012905529953258e-05
9,1,167,2.125464552360512e-05
9,1,168,4.121909732290874e-05
9,1,169,4.105648213670321e-05
9,1,170,3.7869462371276086e-05
9,1,171,3.709422960218589e-05
9,1,172,3.756369715368635e-05
9,1,173,3.848375370374413e-05
9,1,174,4.0911136924837166e-05
9,1,175,4.329298289329486e-05
9,1,176,4.6934197939663136e-05
9,1,177,5.136045876152906e-05
9,1,178,5.558674801786623e-05
9,1,179,4.935750447643272e-05
9,1,180,2.683702494765683e-05
9,1,181,2.539296101211619e-05
9,1,182,3.3950814557481834e-05
9,1,183,4.3935435042552484e-05
9,1,184,4.1261571201545166e-05
9,1,185,4.278145068736805e-05
9,1,186,4.4921321602053865e-05
9,1,187,4.3662518604659084e-05
9,1,188,4.454361423400499e-05
9,1,189,4.717650340380075e-05
9,1,190,4.942164453813902e-05
9,1,191,5.1224135803717985e-05
9,1,192,5.512581892386237e-05
9,1,193,6.109851130453592e-05
9,1,194,6.081621734033149e-05
9,1,195,3.798542136745908e-05
9,1,196,3.939406962727432e-05
9,1,197,5.413912345275662e-05
9,1,198,5.1568520192724066e-05
9,1,199,5.17751284299095e-05
