arm,seed,description,teacher_mse_train_final,teacher_mse,free_run_rmse,jx_err_mean,jx_err_max,ju_err_mean,ju_err_max,equilibrium_drift,homogeneity_flatness,jx_far_from_origin,jx_at_origin,jx_origin_spike_ratio,directional_asymmetry_at_smallest_eps,directional_asymmetry_at_largest_eps,sigma_jx_err_correlation
arm_0,0,"zero branch (skip only) - exactly linear, no memory",2.1053251663967706e-14,2.1053251689199586e-14,1.6378605419410434e-07,2.6607004155465575e-08,2.6607004155465575e-08,3.843666496194942e-08,3.843666496194942e-08,-1.1025825141786072e-08,9.437245018196846e-13,3.0000000798210125,3.0000000798210125,1.0,0.0,0.0,
arm_0,1,"zero branch (skip only) - exactly linear, no memory",6.834277232794612e-17,6.834277515200956e-17,1.1390505316990275e-08,6.154445841843881e-10,6.154445841843881e-10,4.099165451521003e-10,4.099165451521003e-10,2.0967735880894622e-09,2.4843349792983893e-12,2.9999999981536662,2.9999999981536662,1.0,0.0,0.0,
arm_0,2,"zero branch (skip only) - exactly linear, no memory",3.2624851142982035e-17,3.262484901337477e-17,8.088040944932323e-09,2.8126804589116244e-10,2.8126804589116244e-10,3.257203395889974e-10,3.257203395889974e-10,-5.861979124333061e-09,2.6869483710269043e-12,3.000000000843804,3.000000000843804,1.0,0.0,0.0,
arm_0,3,"zero branch (skip only) - exactly linear, no memory",8.07898300776469e-10,8.07898300767383e-10,3.836475589573423e-05,4.056306391516293e-07,4.0563063915162917e-07,9.911111598093214e-07,9.911111598093214e-07,-5.991734187693609e-07,2.2866776594557613e-12,2.9999987831080825,2.9999987831080825,1.0,0.0,0.0,
arm_0,4,"zero branch (skip only) - exactly linear, no memory",5.584688332286423e-17,5.584688334544047e-17,8.842886244462427e-09,1.4223440203409154e-09,1.4223440203409154e-09,1.92034765866822e-09,1.92034765866822e-09,-1.3283135147368341e-09,1.8640070961605194e-12,3.000000004267032,3.000000004267032,1.0,0.0,0.0,
arm_0,5,"zero branch (skip only) - exactly linear, no memory",6.201749654638638e-17,6.201749512529134e-17,9.086713598639523e-09,1.4927317160129405e-09,1.4927317160129405e-09,2.07707273602864e-09,2.07707273602864e-09,-9.395410283108419e-10,2.560151079175474e-12,3.000000004478195,3.000000004478195,1.0,0.0,0.0,
arm_0,6,"zero branch (skip only) - exactly linear, no memory",4.415658891107988e-16,4.4156589362922855e-16,2.396342704057753e-08,3.3669490899039074e-09,3.366949089903907e-09,5.161333804792889e-09,5.161333804792889e-09,-5.066758901328683e-09,1.3381211960453184e-12,3.0000000101008473,3.0000000101008473,1.0,0.0,0.0,
arm_0,7,"zero branch (skip only) - exactly linear, no memory",8.419222870571858e-15,8.419222871754357e-15,1.0804211331812103e-07,1.7481081767319513e-08,1.7481081767319513e-08,2.3725104547622777e-08,2.3725104547622777e-08,-1.369425786656997e-08,6.793862168497309e-13,3.0000000524432453,3.0000000524432453,1.0,0.0,0.0,
arm_1,0,"linear branch, no LN, no memory - exactly linear",6.187430510101006e-29,6.269408103369838e-29,1.043896645055371e-14,1.4802973661668758e-16,1.4802973661668753e-16,3.3306690738754696e-16,3.3306690738754696e-16,-2.2898349882893854e-16,2.7561045569599055e-12,3.0000000000000004,3.0000000000000004,1.0,0.0,0.0,
arm_1,1,"linear branch, no LN, no memory - exactly linear",2.5506739171511347e-19,2.5506747434132364e-19,7.178477042665396e-10,5.079640412001631e-12,5.079640412001633e-12,4.637401573859279e-13,4.637401573859279e-13,5.207323183764601e-10,7.24164824943438e-12,2.999999999984761,2.999999999984761,1.0,0.0,0.0,
arm_1,2,"linear branch, no LN, no memory - exactly linear",2.2277622739925806e-21,2.2277506345300756e-21,6.711638436215746e-11,1.2252421299763228e-12,1.2252421299763228e-12,1.1004530620084552e-12,1.1004530620084552e-12,-4.8842901945178596e-11,6.3155641687346535e-12,3.0000000000036757,3.0000000000036757,1.0,0.0,0.0,
arm_1,3,"linear branch, no LN, no memory - exactly linear",1.7636252721064074e-17,1.763625730217635e-17,5.971837704895978e-09,6.089972970357849e-11,6.089972970357849e-11,3.1450397841581434e-11,3.1450397841581434e-11,4.337598585868463e-09,6.091055903620266e-12,2.999999999817301,2.999999999817301,1.0,0.0,0.0,
arm_1,4,"linear branch, no LN, no memory - exactly linear",3.413519408118794e-21,3.413534739948853e-21,8.308797673173573e-11,1.404210081545898e-12,1.404210081545898e-12,1.2140288774276087e-12,1.2140288774276087e-12,6.045573069934917e-11,2.5630502518621413e-12,2.9999999999957874,2.9999999999957874,1.0,0.0,0.0,
arm_1,5,"linear branch, no LN, no memory - exactly linear",1.4655595593048205e-18,1.4655594097244856e-18,1.7210682682906617e-09,1.6423455188411633e-11,1.6423455188411633e-11,6.679545805354792e-12,6.679545805354792e-12,1.2499204588012347e-09,2.480553116330084e-12,2.9999999999507296,2.9999999999507296,1.0,0.0,0.0,
arm_1,6,"linear branch, no LN, no memory - exactly linear",2.305032977838431e-20,2.3050442654060407e-20,2.0804991519095834e-10,2.3897920679398043e-12,2.3897920679398035e-12,9.10937991704941e-12,9.10937991704941e-12,1.3142274074562366e-10,2.2897590983761815e-12,3.0000000000071694,3.0000000000071694,1.0,0.0,0.0,
arm_1,7,"linear branch, no LN, no memory - exactly linear",2.0716796359517614e-19,2.0716812941131327e-19,6.472996052867809e-10,1.0156764318480782e-11,1.0156764318480782e-11,8.276046514765767e-12,8.276046514765767e-12,4.709136483538323e-10,1.9107789306915005e-12,2.9999999999695297,2.9999999999695297,1.0,0.0,0.0,
arm_2,0,"linear + LayerNorm, no memory - KEY ARM",3.825815280264932e-18,3.825815468516015e-18,2.4413991333460096e-09,1.2598890079355366e-10,2.8191730431596323e-10,1.421757045427796e-10,1.9796448924580545e-09,1.7065866431825727e-08,7.373747831422738e-08,3.000000000246646,3.0000000410074623,1.000000013586939,5.706546346573305e-14,8.443584276207616e-09,-0.35232528238150485
arm_2,1,"linear + LayerNorm, no memory - KEY ARM",2.210576377222614e-16,2.210576269173307e-16,2.04954807069757e-08,8.406475530501704e-10,5.613224847896466e-09,6.143261299662584e-10,7.964858994569113e-09,5.8146706130579595e-08,7.766806374404e-09,3.0000000025072913,3.00000001130569,1.0000000029327996,6.472600233564663e-14,6.453271028661334e-09,-0.18892886969494305
arm_2,2,"linear + LayerNorm, no memory - KEY ARM",8.889026153438564e-19,8.889024527375931e-19,9.7771385442098e-10,8.19956325059934e-11,1.2905276847163805e-10,1.8567806625569006e-10,6.85458023674812e-10,1.7597766438504081e-09,2.2915398588731603e-09,3.0000000004356586,2.9999999971122255,0.9999999988921889,9.2148511043888e-15,8.549351226960766e-10,0.7634094006474607
arm_2,3,"linear + LayerNorm, no memory - KEY ARM",4.5472120310340906e-15,4.54721201020211e-15,8.741197056346019e-08,8.499419434926381e-09,3.162910762929035e-08,4.872776107056609e-09,1.0060541955070335e-07,1.0026497205967155e-06,2.227801651505205e-06,3.0000000261490642,3.000002818861813,1.0000009309042415,3.990696662015125e-12,6.435720225628216e-07,-0.0610780847014271
arm_2,4,"linear + LayerNorm, no memory - KEY ARM",1.650677209060691e-15,1.6506772064576711e-15,3.9995796088608643e-08,3.873973895747913e-09,8.918357163878454e-09,6.271552609460329e-09,1.6044752637611737e-08,2.1124907914962798e-08,1.0346697610567002e-07,2.999999969677918,3.000000117169956,1.0000000491640133,4.75175454539567e-13,4.683857846021766e-08,0.4355450645215288
arm_2,5,"linear + LayerNorm, no memory - KEY ARM",1.3656089011627497e-16,1.3656088291671095e-16,1.1490082860880831e-08,1.5082822428051183e-09,5.207677844509817e-09,2.304907442685078e-09,7.698816473222792e-09,-1.4363302158759694e-08,9.384903313238663e-08,3.000000007977652,2.9999998835218307,0.9999999585147263,1.875277710894352e-12,1.4634161205062668e-07,0.5205083945734917
arm_2,6,"linear + LayerNorm, no memory - KEY ARM",9.12927641158887e-14,9.129276407306576e-14,3.33697461677611e-07,5.789450811051939e-08,7.65100941120996e-08,6.658646988788597e-08,5.383230238242831e-07,-2.3988578697203833e-06,1.7023727874944176e-06,2.9999997686280144,2.999999428086731,0.9999998864862301,9.41258182507454e-12,1.0722399276241745e-06,0.7798303399128328
arm_2,7,"linear + LayerNorm, no memory - KEY ARM",1.6118850819847283e-14,1.6118850804968934e-14,1.3677401136658172e-07,2.1868179313303913e-08,3.091944715076048e-08,2.6197355084134344e-08,1.7402234142593898e-07,-2.8880688686394596e-07,1.8418767093577614e-07,2.999999895266206,3.000000408091259,1.0000001709416904,1.0152989560197057e-12,9.871758321899904e-08,0.8662580043679012
arm_3,0,"linear + GELU + GLU, no LN, no memory",1.1995874137416234e-06,1.1995874137412924e-06,0.0011870633533147615,0.009119126357967517,0.10608294275239001,0.012967754943449985,0.2757948522123356,0.18077893148913698,0.17512080186578108,3.041983756367862,3.1134950981940848,1.0235081274436546,1.7292988352402006e-07,0.0171972837934653,
arm_3,1,"linear + GELU + GLU, no LN, no memory",7.083825667122521e-05,7.083825667122713e-05,0.013025250083938067,0.01940885305070974,0.2593173027314881,0.050243948988053094,1.636066577661365,-1.1679258366357033,0.5437855933276537,1.7847586219375138,3.5898524096533073,2.011393790470223,3.4352533312409506e-06,0.3378697322204862,
arm_3,2,"linear + GELU + GLU, no LN, no memory",4.2936939332018835e-06,4.293693933198814e-06,0.0022919857751139638,0.03936794480490046,0.6619320347624125,0.06640948441708008,1.6288526336546139,1.3737325100716005,2.3974469125416196,2.9155817240171724,5.043687011010527,1.7299076096763255,5.048974318966337e-06,0.4995738399263837,
arm_3,3,"linear + GELU + GLU, no LN, no memory",9.77677757241057e-06,9.776777572406902e-06,0.0034047967397694947,0.035411657572368076,0.4386226357304824,0.0461253589629899,0.6042830748384065,-0.10909967305537191,0.10930942521364123,2.474527460995005,2.8297381124317305,1.143546861789077,3.8934356638709033e-07,0.03784374856902406,
arm_3,4,"linear + GELU + GLU, no LN, no memory",7.908767664323226e-05,7.908767664322787e-05,0.011884196632596688,0.01499529789268355,0.2812821856973729,0.026259257948557987,0.6438043612491569,-0.18067013022434175,0.4791091663190207,2.4371129813548307,3.14213504699942,1.2892857536923283,8.792053728390314e-07,0.08575566845937033,
arm_3,5,"linear + GELU + GLU, no LN, no memory",2.849986201678236e-05,2.8499862016783837e-05,0.005808261178626221,0.023147178661848747,0.36535490240594565,0.034003494900201714,0.8472986547824886,0.10131734267708525,1.2842635234430841,2.3281494918233383,3.450789119004306,1.482202552337715,3.8193260413210695e-06,0.22439649063135436,
arm_3,6,"linear + GELU + GLU, no LN, no memory",6.410791962856438e-06,6.410791962857903e-06,0.002484106506780242,0.009888405801054928,0.11041083930571298,0.0194514305859278,0.6120559703529418,-0.16258528381535442,0.4990642266402962,2.6099782899583213,3.4645067014982334,1.327408245052321,1.1601061777888333e-07,0.011340305604543133,
arm_3,7,"linear + GELU + GLU, no LN, no memory",4.461900799986722e-05,4.4619007999857464e-05,0.007373005681456968,0.024370333289796476,0.47699095373859723,0.036282036721398625,0.5183203305289944,0.2909315533957763,0.893197617376388,2.2512945711815298,2.938873564301837,1.3054149385521994,8.48281980769805e-07,0.08407510464893919,
arm_4,0,"S4, no LN - nonlinear (via memory), no LayerNorm",6.110932925837606e-07,6.110932925837035e-07,0.0009353562421487701,0.0011527933095643779,0.0011527933095643779,5.359608169364094e-05,5.359608169364094e-05,0.004883496684259789,4.86975327462256e-12,3.003458379928693,3.003458379928693,1.0,0.0,0.0,
arm_4,1,"S4, no LN - nonlinear (via memory), no LayerNorm",2.9929363622190077e-06,2.99293636221903e-06,0.0017956027926601453,0.008279850643211203,0.008279850643211203,0.00043381999251534964,0.00043381999251534964,-0.04422705799960687,1.850739188928306e-11,2.9751604480703664,2.9751604480703664,1.0,0.0,0.0,
arm_4,2,"S4, no LN - nonlinear (via memory), no LayerNorm",4.437481537575684e-06,4.437481537576122e-06,0.0022067896403826846,0.001543497984236808,0.001543497984236808,0.0001704776313046219,0.0001704776313046219,-0.00017268630035065236,4.11383429673078e-12,3.0046304939527104,3.0046304939527104,1.0,0.0,0.0,
arm_4,3,"S4, no LN - nonlinear (via memory), no LayerNorm",4.1861803309723046e-05,4.1861803309858355e-05,0.008418890110975867,0.0327800691298652,0.0327800691298652,0.00031398122892478675,0.00031398122892478675,-0.16614900709448008,2.4143924017485426e-11,2.9016597926104044,2.9016597926104044,1.0,0.0,0.0,
arm_4,4,"S4, no LN - nonlinear (via memory), no LayerNorm",1.3092142354396262e-06,1.3092142354391294e-06,0.0010324628211055783,0.004312589928441597,0.004312589928441597,2.8308817285882526e-06,2.8308817285882526e-06,-0.020387067631874596,1.219530646510138e-12,2.987062230214675,2.987062230214675,1.0,0.0,0.0,
arm_4,5,"S4, no LN - nonlinear (via memory), no LayerNorm",1.5607550624033637e-05,1.560755062402231e-05,0.004589956076212944,0.012021812293666985,0.012021812293666981,0.0001861701587333453,0.0001861701587333453,-0.03187449120488972,3.60785335198077e-11,2.963934563118999,2.963934563118999,1.0,0.0,0.0,
arm_4,6,"S4, no LN - nonlinear (via memory), no LayerNorm",1.0794570437953033e-06,1.0794570437931423e-06,0.0011920307126762732,0.0015457633204952381,0.0015457633204952377,1.9989314294921456e-05,1.9989314294921456e-05,-0.008492879731989353,5.5412474772829714e-12,2.9953627100385143,2.9953627100385143,1.0,0.0,0.0,
arm_4,7,"S4, no LN - nonlinear (via memory), no LayerNorm",3.293319591184793e-06,3.2933195911842317e-06,0.0018458772121876528,0.0013046198546378864,0.0013046198546378858,8.357359603872183e-05,8.357359603872183e-05,0.0032428412085517833,1.579579556610474e-11,2.9960861404360863,2.9960861404360863,1.0,0.0,0.0,
arm_5,0,S4 + LN prenorm - full model,6.838354530232223e-07,6.838354530228651e-07,0.0008100909725285232,0.004680134420319068,0.06744443115169692,0.005942651124356113,0.108344189469879,1.4276965702474247,1.1596164367542652,2.9810951091631637,4.106163805355088,1.3774011411892684,9.599012409822194e-06,0.9283432616620286,-0.38208476517463863
arm_5,1,S4 + LN prenorm - full model,2.1729816573970962e-05,2.1729816573968296e-05,0.00462601000625314,0.026433786681643697,0.3927627743025009,0.022848738188927555,0.3445569737362977,-1.0201600132674733,2.0038043760679596,2.8853676615813377,5.115026039817347,1.7727467136767021,4.839682893553743e-06,0.43128133088192533,-0.14712163362705158
arm_5,2,S4 + LN prenorm - full model,2.1311782010190425e-05,2.1311782017393082e-05,0.005142784416748972,0.0718590162694964,0.22404835492759126,0.08269197308163603,0.4700274944117091,1.5620963898429492,3.2796638712180064,2.7431122750415087,1.2171538601322258,0.4437127387043638,2.8514145715438297e-05,2.0380891512197956,-0.10723127935018982
arm_5,3,S4 + LN prenorm - full model,7.0319168981209085e-06,7.031916898121811e-06,0.002483491006265136,0.3284720810041298,0.6923291963091307,0.33557890369829013,0.8505714059998414,0.04694153977590938,2.0143494387640106,1.6047466071928336,5.228008884133621,3.2578407461343213,0.0007619246017888104,1.1308957797450396,-0.18868341022529264
arm_5,4,S4 + LN prenorm - full model,8.241843940507906e-06,8.241843934355773e-06,0.003443292503990077,0.05752040986785811,1.24650689636293,0.06427880002114195,1.4906698217002277,0.6702198246227651,0.7499829425022381,2.8493825469410097,1.6358472265250135,0.5741058631390853,2.960224595338623e-06,0.28405778589860564,-0.2970286374405416
arm_5,5,S4 + LN prenorm - full model,6.824808174819509e-05,6.824808174381784e-05,0.03282722621080407,0.40270896555997315,4.054073462654671,0.38678663755119713,2.9611073103546817,-0.008737854158431924,9.225258619187327,1.5229692527814447,14.295580734043359,9.386650917564427,3.8624387954197537e-05,7.461610483051929,-0.41947292142459636
arm_5,6,S4 + LN prenorm - full model,1.7731742234896646e-05,1.7731742234868524e-05,0.004083265441679515,0.09184297528761448,0.5863996476889639,0.08752154431453764,0.6456501126372644,0.791527696837741,3.8572757638893975,2.5124423961814095,5.344682640435084,2.1272856438652354,3.389915547868938e-05,2.946322165863887,-0.3754984413437114
arm_5,7,S4 + LN prenorm - full model,0.0001038867418864683,0.00010388674188050892,0.012448031641424606,0.06433624876264261,1.085896473638288,0.04289340368662287,0.6985019150280347,0.3226716723961401,0.6165782182449824,2.7530592708172676,1.1490417624618519,0.41736906089956777,7.150204817119032e-07,0.06980100950911472,-0.12691067273834306
arm_6,0,"S4 + LN postnorm - full model, placement swapped",8.360497851776031e-06,8.360497851806573e-06,0.0027259767502340587,0.4790319790017034,1.2825388190643883,0.5550802348139044,2.096319708082796,-2.1445303502574977,4.755970550271446,4.940752520769443e-06,7.635055764785401,1545322.4448482117,1.5306221004762754e-05,1.4882297567376757,
arm_6,1,"S4 + LN postnorm - full model, placement swapped",0.00012974863511993628,0.00012974863511748094,0.09677947716966635,0.6810775157281267,1.1020817756977335,0.7893340018145275,4.671076772974658,0.3382272085625605,1.626027268417875,2.3462900902614733e-06,3.5150023969959685,1498110.745804775,3.6997121841131353e-06,0.38230762634555077,
arm_6,2,"S4 + LN postnorm - full model, placement swapped",0.008612035979373777,0.008612035979373125,1.2081903292525518,0.6031160393670864,1.7245194000212265,0.7959212586020677,4.7611167156322445,-1.677588110231803,6.68140755612965,5.68155892540791e-07,5.659684852744114,9961499.875384595,1.9393473800782823e-05,1.9206623156231073,
arm_6,3,"S4 + LN postnorm - full model, placement swapped",1.3806976776245787e-05,1.3806976776342096e-05,0.004491863974936812,0.7628400135561383,2.367199406938575,0.8137518754152527,2.7751352260774715,8.670469301437517,4.743948139198142,1.3764725605008689e-06,-5.063166216209052,3678363.348098036,4.502249210797116e-05,4.027982507656703,
arm_6,4,"S4 + LN postnorm - full model, placement swapped",1.733629708659161e-05,1.7336297086784333e-05,0.004123702463859253,0.4423423042165485,1.4735125125287325,0.46309454652036797,2.218113024190069,-6.250097721616818,6.829860083617843,-1.6578164530167726e-06,11.231506240289914,6774879.221310443,4.5633025522739956e-05,4.113120060195243,
arm_6,5,"S4 + LN postnorm - full model, placement swapped",0.0003032695204064265,0.00030326952041229664,0.12893166774423043,0.3786838992961629,1.0254839160242541,0.4922809535993604,4.3231721478622545,5.9474448904343715,4.585940278178584,-8.776352009880319e-07,2.396107778794396,2730186.501289926,2.5259514123493476e-05,2.54444478239711,
arm_6,6,"S4 + LN postnorm - full model, placement swapped",3.7746187996712775e-05,3.77461879967001e-05,0.005817740238609873,0.24703395608245948,1.0249062656300685,0.28388808680498845,1.2973342482372614,-1.1976345253362388,5.338399616525224,-2.0241003130197177e-06,8.834663918378876,4364736.2047973825,8.603817074348541e-06,0.8470717139573054,
arm_6,7,"S4 + LN postnorm - full model, placement swapped",7.541117859930191e-06,7.5411178597928815e-06,0.14168720190796916,0.5339818710315108,1.566394459949551,0.6014611616104486,2.5618218735853073,-6.77435914404731,4.2101145718234365,-1.2516533850233963e-06,6.6926890677585105,5347078.630425634,1.8381988564408758e-05,1.8357302090156158,
arm_7,0,S4 + LN prenorm AND postnorm combined (user-requested),2.6688234981031082e-05,2.668823498584292e-05,0.005535494167198519,0.3165117375077397,0.9712041169200006,0.35906482746946544,1.0564031149308848,1.439447735356408,4.202860339329849,-2.0764864957697295e-06,-3.698034270820953,1780909.3766584476,0.00012705112267047403,12.086837785035645,0.4224390321035396
arm_7,1,S4 + LN prenorm AND postnorm combined (user-requested),1.5904621554825104e-05,1.5904621551304493e-05,0.0049096797027388915,0.5741341997525065,3.276356899632658,0.676405974363201,3.143661846450665,4.1513389520295005,1.914957345150059,-0.00010479054989547898,2.5022610699502796,23878.690134235432,5.383157908323e-06,0.5752277607190797,0.1210100828163219
arm_7,2,S4 + LN prenorm AND postnorm combined (user-requested),0.0001586922223456907,0.0001586922223257358,0.35458066546567824,0.7658465678717973,2.0445903446940505,1.0089974299462425,3.1807717738700454,7.104415229546707,4.258461503032221,-1.3928977506086465e-05,3.3509532502357944,240574.24522162863,7.020526831613694e-05,6.146449886968064,-0.04748285770001446
arm_7,3,S4 + LN prenorm AND postnorm combined (user-requested),2.7295386232379736e-05,2.729538623237555e-05,0.00754590504377723,0.5533789460798636,1.0252901584547063,0.5874632412922032,1.3719714912604248,0.411404170926034,4.524844467637678,-3.130035459200547e-05,3.559382196334081,113716.99275391578,7.056711741004751e-05,5.186968378480826,0.23200524602529796
arm_7,4,S4 + LN prenorm AND postnorm combined (user-requested),0.0001750728233890615,0.00017507282338770022,0.010846149416727666,0.6188642388028316,1.6783683565355876,0.6647862181407134,2.654931654114481,-6.307651609320801,3.8998226271264587,-2.469954164163106e-05,-0.7071990968470907,28632.073708408705,0.00017847903987938674,17.94457704363632,0.04080894667577642
arm_7,5,S4 + LN prenorm AND postnorm combined (user-requested),0.0003982752708731171,0.000398275270873528,0.0564712632573905,0.6536428406447709,1.880696457116077,0.7126213946057334,6.40924079257389,-0.5799875168123662,12.570875294217153,-5.064592666722433e-05,15.72677103374367,310523.90722512535,7.104037897520676e-05,4.635571337253095,0.03659882233596814
arm_7,6,S4 + LN prenorm AND postnorm combined (user-requested),0.0008062195610564736,0.000806219561046354,0.0671757932818343,0.4008825470167895,1.4791473555566161,0.42519490998671733,1.8501911398421145,4.172713122896933,2.073310831686987,2.179198464901332e-05,2.3393961708681634,107351.22149482997,0.00010213601775110881,0.5491714067283159,0.4836891404636283
arm_7,7,S4 + LN prenorm AND postnorm combined (user-requested),1.7470687459820756e-05,1.7470687461026294e-05,0.004596899801863715,0.5565344671053493,1.3802758532965127,0.5936045918279563,1.8489541138383672,-0.0033558209323175103,3.6654459774315113,-1.6293298582181835e-05,6.273041745529021,385007.47493752727,6.654024299279637e-05,3.7247877019372853,0.5343200483331294
