cap,case,cost,cost_ratio_to_oracle,finite,seed,variant
5,1,1538.227510291081,83.13215469343142,True,0,M3
5,1,1564.1508921709624,84.53316109735889,True,1,M3
5,1,2492.2728098335306,134.69269492268253,True,2,M3
5,1,244.58571523506305,13.21842014831551,True,3,M3
5,1,910.047587440171,49.18272252402,True,4,M3
5,2,39730614.45721375,53740.3217634153,True,0,M3
5,2,46427645.47278882,62798.84266860181,True,1,M3
5,2,18575387.953291144,25125.39358194814,True,2,M3
5,2,47101406.59537423,63710.18370910881,True,3,M3
5,2,12901230.365102205,17450.429107034695,True,4,M3
5,3,23610.313551085255,374.16385151725035,True,0,M3
5,3,34017.88973106472,539.0976538589526,True,1,M3
5,3,21675.450901095235,343.5011642254985,True,2,M3
5,3,4332.18648284257,68.65421657379213,True,3,M3
5,3,20058.435035333692,317.87554587067444,True,4,M3
5,4,23119106.774030708,457711.85203197243,True,0,M3
5,4,4360177.177366238,86322.74553451085,True,1,M3
5,4,2847649.7769957753,56377.74270895534,True,2,M3
5,4,5874316.025972654,116299.65179663687,True,3,M3
5,4,3009627.9859987805,59584.58572223589,True,4,M3
5,5,432567080.5111433,1258846.9155617075,True,0,M3
5,5,381962419.0698063,1111578.3765568524,True,1,M3
5,5,566773165.8690238,1649410.424007022,True,2,M3
5,5,88502559.1969433,257558.14227180756,True,3,M3
5,5,101380642.60078777,295035.6487711918,True,4,M3
5,7,67240.04256605709,2332.487651759437,True,0,M3
5,7,14782.56282864767,512.7918416367035,True,1,M3
5,7,3072.7304922176095,106.58984820304443,True,2,M3
5,7,5247.486005774161,182.02987154900023,True,3,M3
5,7,55113.72566656358,1911.8382388504026,True,4,M3
20,1,8168.401410919432,441.45407954776397,True,0,M3
20,1,1366.8235135749837,73.86877624340057,True,1,M3
20,1,1384.8473847278415,74.84286052861161,True,2,M3
20,1,441.9872683065939,23.886813696653977,True,3,M3
20,1,363.7160739495904,19.656715747037442,True,4,M3
20,2,73170529.78412227,98971.73421349732,True,0,M3
20,2,72790335.49246353,98457.47678643542,True,1,M3
20,2,5219617.958431393,7060.146247430456,True,2,M3
20,2,38158479.49178716,51613.82460116965,True,3,M3
20,2,11019147.550622536,14904.691080645644,True,4,M3
20,3,17664.309926454152,279.93470828652687,True,0,M3
20,3,34041.11396566321,539.4656993339569,True,1,M3
20,3,34005.6297478651,538.9033640828519,True,2,M3
20,3,2743.936816276297,43.484469838848426,True,3,M3
20,3,37884.227654608694,600.3693470793895,True,4,M3
20,4,27966811.472300205,553686.662704218,True,0,M3
20,4,4099127.237160756,81154.48134627227,True,1,M3
20,4,3287418.0412001326,65084.27054505515,True,2,M3
20,4,6762616.258630878,133886.21120070253,True,3,M3
20,4,1827257.4758832098,36176.02581278084,True,4,M3
20,5,108442753.03483158,315587.6425261192,True,0,M3
20,5,212972805.40505207,619788.632241438,True,1,M3
20,5,220218649.0934701,640875.3223497767,True,2,M3
20,5,31447542.424883533,91517.92535109652,True,3,M3
20,5,97465348.42368832,283641.4483791178,True,4,M3
20,7,67379.12822936205,2337.312389814546,True,0,M3
20,7,1637.4572017680623,56.80169966662962,True,1,M3
20,7,12115.421794485672,420.2714729654295,True,2,M3
20,7,28144.78003675593,976.3133601934636,True,3,M3
20,7,10442.419292771772,362.2367435439436,True,4,M3
50,1,10059.078001824406,543.6340352297548,True,0,M3
50,1,1639.4663989775368,88.60352150943702,True,1,M3
50,1,3456.776092595801,186.81842766929208,True,2,M3
50,1,984.6490506124048,53.21449307505955,True,3,M3
50,1,1474.7224424001815,79.70007907886638,True,4,M3
50,2,67237202.65475865,90946.21249892669,True,0,M3
50,2,109242337.70850196,147763.0904743444,True,1,M3
50,2,5320983.982709029,7197.255699045526,True,2,M3
50,2,27233709.825801708,36836.79069263267,True,3,M3
50,2,21518524.19396212,29106.330970609877,True,4,M3
50,3,17711.51517412171,280.68279226435726,True,0,M3
50,3,103428.73084306771,1639.084216567061,True,1,M3
50,3,34891.088964895505,552.9356568047889,True,2,M3
50,3,1920.0356694743718,30.427717090102405,True,3,M3
50,3,36658.865098181814,580.9504447159928,True,4,M3
50,4,17222033.20604104,340961.64663886174,True,0,M3
50,4,3587123.7529580793,71017.84132415554,True,1,M3
50,4,3804137.7011954812,75314.28136984482,True,2,M3
50,4,6166804.060269127,122090.32706724937,True,3,M3
50,4,1124501.2590414325,22262.865037082218,True,4,M3
50,5,80703390.22211777,234861.17745353642,True,0,M3
50,5,137649621.89263758,400584.8104368595,True,1,M3
50,5,149381192.60330537,434725.76167699386,True,2,M3
50,5,41088407.55930279,119574.552599451,True,3,M3
50,5,115258998.96373643,335424.1269695785,True,4,M3
50,7,108060.5098912056,3748.507516431895,True,0,M3
50,7,9250.816942362955,320.90128832906043,True,1,M3
50,7,16520.74888289553,573.0877211940464,True,2,M3
50,7,48391.88526635361,1678.6645356186611,True,3,M3
50,7,23774.842008341006,824.7247219171228,True,4,M3
100,1,9831.302219531784,531.3240931423295,True,0,M3
100,1,1205.147990346541,65.13116459801724,True,1,M3
100,1,1589.9832441565804,85.92924787060687,True,2,M3
100,1,1144.6497852815662,61.861592243805006,True,3,M3
100,1,2845.4482132245703,153.77974938776816,True,4,M3
100,2,147729622.93174484,199821.66344015652,True,0,M3
100,2,47693268.17345835,64510.74599791752,True,1,M3
100,2,4587623.078948877,6205.298955481398,True,2,M3
100,2,19784491.636105776,26760.84830238202,True,3,M3
100,2,22695806.14120517,30698.743056741463,True,4,M3
100,3,10395.137397014554,164.73667904080793,True,0,M3
100,3,101174.75808381311,1603.3644398265737,True,1,M3
100,3,25677.756238798287,406.9275976298185,True,2,M3
100,3,2486.640841963044,39.40697834257369,True,3,M3
100,3,35620.265134848596,564.4912578599772,True,4,M3
100,4,17502311.175837807,346510.5871707486,True,0,M3
100,4,1770248.9938856913,35047.37243825143,True,1,M3
100,4,5087972.699874299,100731.63424131548,True,2,M3
100,4,10050104.504292827,198971.87165301287,True,3,M3
100,4,1685328.9743352395,33366.126713538164,True,4,M3
100,5,180373775.41972628,524919.6738851079,True,0,M3
100,5,161934183.44422084,471257.19116646866,True,1,M3
100,5,80920363.46982066,235492.60808230142,True,2,M3
100,5,30524339.89169187,88831.24225913816,True,3,M3
100,5,78781731.63249977,229268.8101715769,True,4,M3
100,7,20249.43740319869,702.4320761194642,True,0,M3
100,7,4149.2306985472915,143.9325288819527,True,1,M3
100,7,29304.323991759124,1016.5367427717867,True,2,M3
100,7,85278.17222366646,2958.2117453436435,True,3,M3
100,7,21551.66813680545,747.6051157244792,True,4,M3
200,1,7952.171071563671,429.7681007829356,True,0,M3
200,1,9068.857008878651,490.1184114253981,True,1,M3
200,1,1497.2426127271144,80.91716190362143,True,2,M3
200,1,188.3240666884719,10.177808769965099,True,3,M3
200,1,1416.1240778163094,76.5331819347328,True,4,M3
200,2,99765668.43690218,134944.78240489107,True,0,M3
200,2,40979669.08673636,55429.81483085616,True,1,M3
200,2,9860429.067009276,13337.38825904815,True,2,M3
200,2,37696487.28929094,50988.925893874984,True,3,M3
200,2,20710652.6010737,28013.58976993953,True,4,M3
200,3,23203.58454831109,367.718223852354,True,0,M3
200,3,127431.43730684239,2019.4665049213434,True,1,M3
200,3,17497.57161509355,277.29232708141586,True,2,M3
200,3,2213.0833589966505,35.071782995989,True,3,M3
200,3,20817.104869307917,329.89854702631567,True,4,M3
200,4,23860462.074232794,472389.19708625355,True,0,M3
200,4,4780566.23771538,94645.60408034902,True,1,M3
200,4,5705812.351919771,112963.61768948998,True,2,M3
200,4,11516671.850981226,228006.95778083784,True,3,M3
200,4,1503975.2015416315,29775.686475959905,True,4,M3
200,5,408988229.75692,1190228.2784028882,True,0,M3
200,5,81503790.5753458,237190.4844241108,True,1,M3
200,5,65108419.68293457,189477.04757863082,True,2,M3
200,5,21489516.12906151,62538.302877825576,True,3,M3
200,5,99809968.35936701,290464.7081859111,True,4,M3
200,7,16674.29652845993,578.4141304818432,True,0,M3
200,7,1973.0378331115935,68.4426452833647,True,1,M3
200,7,42588.26484452216,1477.3429353813913,True,2,M3
200,7,61176.918894668466,2122.164151730255,True,3,M3
200,7,7204.652119619087,249.92194327843947,True,4,M3
5,1,1623.588240168053,87.74540036313982,True,0,M6
5,1,963.8409893938924,52.08993968324014,True,1,M6
5,1,3843.068487042182,207.6952608276951,True,2,M6
5,1,535.3609331643909,28.93311139924943,True,3,M6
5,1,1410.1600368709503,76.21086058034892,True,4,M6
5,2,21761002.19296127,29434.31093932636,True,0,M6
5,2,54494878.92109687,73710.72327189676,True,1,M6
5,2,41191680.89654667,55716.58570093973,True,2,M6
5,2,19475049.028999332,26342.290837303826,True,3,M6
5,2,28546595.62853877,38612.62291777207,True,4,M6
5,3,2748.295668251561,43.55354663614422,True,0,M6
5,3,42366.71696981656,671.4054840173509,True,1,M6
5,3,87338.60311733802,1384.0963212035624,True,2,M6
5,3,109349.06280612946,1732.9065287852757,True,3,M6
5,3,57031.20080669861,903.8005236278284,True,4,M6
5,4,23767131.87807492,470541.44676650886,True,0,M6
5,4,5915096.037141267,117107.01406284851,True,1,M6
5,4,4912726.776507324,97262.11714753865,True,2,M6
5,4,14235908.813326737,281842.3848288684,True,3,M6
5,4,13603744.930100275,269326.8103904853,True,4,M6
5,5,316950931.8537285,922383.4196467398,True,0,M6
5,5,393114414.54381317,1144032.6610766612,True,1,M6
5,5,281431622.6298354,819015.9308250184,True,2,M6
5,5,196399449.4992361,571557.2274431587,True,3,M6
5,5,93748146.4450152,272823.7314140563,True,4,M6
5,7,37291.64803383973,1293.6087669373235,True,0,M6
5,7,65554.3633091024,2274.013178787306,True,1,M6
5,7,9677.53847727245,335.7038177881758,True,2,M6
5,7,9978.62406112856,346.148165823459,True,3,M6
5,7,15529.383504624122,538.6982797993861,True,4,M6
20,1,1887.7072525008898,102.01948039605692,True,0,M6
20,1,938.9217528341021,50.74320143114719,True,1,M6
20,1,105.18496853593837,5.6846292354364785,True,2,M6
20,1,140.17314336361545,7.575534412177771,True,3,M6
20,1,735.2863086286743,39.7379027120079,True,4,M6
20,2,28337373.070521634,38329.624838290714,True,0,M6
20,2,34327311.63622891,46431.720168602245,True,1,M6
20,2,44614716.68296686,60346.643581570024,True,2,M6
20,2,32042961.87268516,43341.86885393844,True,3,M6
20,2,25487214.171591017,34474.45022299899,True,4,M6
20,3,5690.318513680208,90.17717985116029,True,0,M6
20,3,25784.67068011304,408.62192155561416,True,1,M6
20,3,96988.63699664005,1537.0249909452498,True,2,M6
20,3,96434.65562097028,1528.245784996081,True,3,M6
20,3,74466.34881708736,1180.1035942001597,True,4,M6
20,4,30947723.611720968,612702.7323739801,True,0,M6
20,4,9331960.954991288,184754.0726182834,True,1,M6
20,4,7230354.471096801,143146.48780163005,True,2,M6
20,4,12788717.572641874,253190.9066600675,True,3,M6
20,4,6809967.824392679,134823.67704111262,True,4,M6
20,5,224650845.9861367,653773.8013114735,True,0,M6
20,5,497004075.2858043,1446369.9975870354,True,1,M6
20,5,196502152.24418142,571856.1106442136,True,2,M6
20,5,123303863.59578954,358836.1097219522,True,3,M6
20,5,123286300.0105812,358784.9965742767,True,4,M6
20,7,13346.197810909112,462.96582220783336,True,0,M6
20,7,17918.18518176588,621.5633435589987,True,1,M6
20,7,10607.841682207856,367.975075436062,True,2,M6
20,7,21749.477431692154,754.4669159274343,True,3,M6
20,7,9752.415813542992,338.30123527309337,True,4,M6
50,1,2292.8707486893,123.9161856726988,True,0,M6
50,1,683.4707583350614,36.93757680851475,True,1,M6
50,1,100.7634357179849,5.44567137793812,True,2,M6
50,1,190.16556807701653,10.277331095028503,True,3,M6
50,1,853.0380322627955,46.10169118873172,True,4,M6
50,2,35403545.88623316,47887.45337782108,True,0,M6
50,2,43200600.41207011,58433.885260383926,True,1,M6
50,2,36472193.886787765,49332.92529377852,True,2,M6
50,2,31563082.156085003,42692.77518322259,True,3,M6
50,2,22484877.357122548,30413.43710613823,True,4,M6
50,3,9450.722631199098,149.77008973894624,True,0,M6
50,3,36285.695378937155,575.0366469546847,True,1,M6
50,3,108760.91307379707,1723.585840661326,True,2,M6
50,3,110127.90634299722,1745.2492321912778,True,3,M6
50,3,86703.29364979922,1374.0282703593684,True,4,M6
50,4,29167655.79861136,577460.9670478168,True,0,M6
50,4,13165196.483355843,260644.43248864464,True,1,M6
50,4,7536264.532917162,149202.8922431846,True,2,M6
50,4,7878522.9115408,155978.92030882134,True,3,M6
50,4,5228092.480933013,103505.72430982713,True,4,M6
50,5,192680424.43975717,560734.2049896478,True,0,M6
50,5,490078668.0155747,1426215.8342816923,True,1,M6
50,5,267078389.16045988,777245.4760324119,True,2,M6
50,5,86246323.16167869,250992.09528918503,True,3,M6
50,5,156481851.1138631,455389.9371706774,True,4,M6
50,7,18696.742413612148,648.5706900770411,True,0,M6
50,7,18334.400497227874,636.0014231130757,True,1,M6
50,7,11786.156932554111,408.8496148686095,True,2,M6
50,7,18829.31274729706,653.169418074661,True,3,M6
50,7,5286.685748219866,183.38967014099148,True,4,M6
100,1,2477.7557674447976,133.90813411780985,True,0,M6
100,1,688.5943733967731,37.21447808420394,True,1,M6
100,1,52.188301715181005,2.8204709266660526,True,2,M6
100,1,69.88881264928051,3.777079492877356,True,3,M6
100,1,1062.848475474386,57.44071230535626,True,4,M6
100,2,24540190.52184296,33193.48952429568,True,0,M6
100,2,50964534.14896483,68935.51738640813,True,1,M6
100,2,36229881.0950112,49005.168787231465,True,2,M6
100,2,34756721.33001187,47012.54720658015,True,3,M6
100,2,18915590.188054707,25585.557055647132,True,4,M6
100,3,8140.680872535548,129.00923584306668,True,0,M6
100,3,43773.470528215104,693.6989757326188,True,1,M6
100,3,111882.83198356873,1773.0603722416577,True,2,M6
100,3,102150.50667983653,1618.8275912163565,True,3,M6
100,3,71820.46867029923,1138.1730749703645,True,4,M6
100,4,31192996.88419809,617558.6502473103,True,0,M6
100,4,11625365.770091508,230158.87893881544,True,1,M6
100,4,6996148.378493548,138509.67784827057,True,2,M6
100,4,5052991.604890139,100039.07886156822,True,3,M6
100,4,12580686.669483278,249072.3128538586,True,4,M6
100,5,90921766.75484432,264598.46528660716,True,0,M6
100,5,319836171.04581827,930779.9773628936,True,1,M6
100,5,209895601.66140148,610833.423637325,True,2,M6
100,5,30658679.047622956,89222.19302655019,True,3,M6
100,5,35912552.88975372,104511.8976270515,True,4,M6
100,7,26827.281407715545,930.6106930598476,True,0,M6
100,7,29057.590437817034,1007.9778105361436,True,1,M6
100,7,16172.70575843335,561.0144645584593,True,2,M6
100,7,17146.149686969213,594.7822293655606,True,3,M6
100,7,7121.712527379739,247.04485445818491,True,4,M6
200,1,2031.72909747752,109.80301450640773,True,0,M6
200,1,440.3788219273935,23.799886624867003,True,1,M6
200,1,96.6198454130133,5.2217346794234,True,2,M6
200,1,230.83323536289606,12.4751794530981,True,3,M6
200,1,335.6949528895686,18.142338871665935,True,4,M6
200,2,27779483.1485092,37575.013203733644,True,0,M6
200,2,46447157.99777793,62825.2356500761,True,1,M6
200,2,58530767.52593734,79169.73655896784,True,2,M6
200,2,8476115.377771184,11464.941429380551,True,3,M6
200,2,12797897.140735386,17310.65878628357,True,4,M6
200,3,17346.37650549394,274.89626637616686,True,0,M6
200,3,38921.7894407941,616.8120814491075,True,1,M6
200,3,103248.6421086684,1636.230264867863,True,2,M6
200,3,247970.99122193753,3929.714060738752,True,3,M6
200,3,121625.61827617069,1927.4589335255616,True,4,M6
200,4,28805969.280905742,570300.3008727728,True,0,M6
200,4,22281740.90356854,441133.69063742727,True,1,M6
200,4,5162535.155769155,102207.82102107562,True,2,M6
200,4,16620680.671181945,329056.0749770856,True,3,M6
200,4,7209313.697872529,142729.92277709008,True,4,M6
200,5,262125310.96234217,762831.1400989688,True,0,M6
200,5,62879909.602873914,182991.6880425617,True,1,M6
200,5,295928312.6062642,861203.8694936697,True,2,M6
200,5,886053545.3615793,2578572.9493860677,True,3,M6
200,5,306158935.1598717,890976.7954192086,True,4,M6
200,7,22487.996079109977,780.0853652912026,True,0,M6
200,7,70030.68313094143,2429.2920916390976,True,1,M6
200,7,25543.246800938505,886.0688583071861,True,2,M6
200,7,12377.917947093194,429.3771934740075,True,3,M6
200,7,7028.313571334093,243.80494110670728,True,4,M6