case,eff_rank_1e-3,eff_rank_1e-6,label,n_cols,n_rows,n_singular_values,seed,sigma_max,sigma_min,variant
,6,6,case1_X_ONLY,6,100,6,,33.38693584386686,0.4581963608786458,
,100,100,case1_RANDOM_CONTROL,1030,100,100,,41.99043201511439,22.4155890311882,
1,96,100,fullM3_case1_seed0,1030,100,100,0,55.483792170386316,0.025254244513086322,fullM3
1,100,100,fullM3_case1_seed1,1030,100,100,1,49.62516773550567,0.06560615506088815,fullM3
1,82,100,fullM3_case1_seed2,1030,100,100,2,57.234420674769694,0.0005336654862361365,fullM3
1,65,89,fullM3_case1_seed3,1030,100,100,3,45.44189390777086,1.9032745047496824e-08,fullM3
1,90,100,fullM3_case1_seed4,1030,100,100,4,66.43323985938025,0.0052383053705820385,fullM3
1,67,99,M0_S4_case1_seed0,1030,100,100,0,13953.822297730721,0.010031759175899466,M0_S4
1,47,88,M0_S4_case1_seed1,1030,100,100,1,15647.422569811437,1.4824839465965331e-06,M0_S4
1,47,79,M0_S4_case1_seed2,1030,100,100,2,10893.165259026106,1.5171506735458945e-10,M0_S4
1,42,64,M0_S4_case1_seed3,1030,100,100,3,8144.750878241407,3.7700289326743686e-13,M0_S4
1,49,90,M0_S4_case1_seed4,1030,100,100,4,22038.214282153993,2.0329736719762573e-06,M0_S4
,6,6,case2_X_ONLY,6,100,6,,126.56862417869502,0.20472819141770426,
,100,100,case2_RANDOM_CONTROL,1030,100,100,,41.921803436107076,22.244302309277675,
2,83,100,fullM3_case2_seed0,1030,100,100,0,155.40517902177456,0.011311782877764192,fullM3
2,72,100,fullM3_case2_seed1,1030,100,100,1,157.31999135169383,0.0002862016483149044,fullM3
2,80,100,fullM3_case2_seed2,1030,100,100,2,173.1329933296941,0.011214575158796217,fullM3
2,72,100,fullM3_case2_seed3,1030,100,100,3,144.06406149316518,0.0001963433465050036,fullM3
2,84,100,fullM3_case2_seed4,1030,100,100,4,145.98249226678132,0.013683364506872272,fullM3
2,41,64,M0_S4_case2_seed0,1030,100,100,0,39314.63516502777,1.5372345327051314e-12,M0_S4
2,33,78,M0_S4_case2_seed1,1030,100,100,1,63784.30498199819,3.29427765184856e-10,M0_S4
2,40,82,M0_S4_case2_seed2,1030,100,100,2,69477.33134322456,1.9223089287357897e-08,M0_S4
2,38,67,M0_S4_case2_seed3,1030,100,100,3,76608.96267271726,2.656988884828416e-12,M0_S4
2,39,69,M0_S4_case2_seed4,1030,100,100,4,33196.07971837941,2.0467788542024645e-12,M0_S4
,6,6,case3_X_ONLY,6,100,6,,52.12202199663806,1.66503302988723,
,100,100,case3_RANDOM_CONTROL,1030,100,100,,41.684956306359126,22.017474823422628,
3,94,100,fullM3_case3_seed0,1030,100,100,0,72.94839390687052,0.023765174847617573,fullM3
3,77,100,fullM3_case3_seed1,1030,100,100,1,59.89359895308175,8.895238507193247e-05,fullM3
3,86,100,fullM3_case3_seed2,1030,100,100,2,80.16498721669119,0.004808569219195652,fullM3
3,96,100,fullM3_case3_seed3,1030,100,100,3,73.07044675508834,0.031345585565131104,fullM3
3,94,100,fullM3_case3_seed4,1030,100,100,4,79.30528323493478,0.014838178275792688,fullM3
3,44,82,M0_S4_case3_seed0,1030,100,100,0,39004.19843058005,6.830493371348041e-09,M0_S4
3,41,80,M0_S4_case3_seed1,1030,100,100,1,35392.430575196595,1.6203826193960984e-09,M0_S4
3,47,71,M0_S4_case3_seed2,1030,100,100,2,20204.8979081602,2.6102294342816203e-12,M0_S4
3,58,97,M0_S4_case3_seed3,1030,100,100,3,18949.382881169553,0.0012657895310239182,M0_S4
3,43,92,M0_S4_case3_seed4,1030,100,100,4,41833.571966322794,4.0106121892454096e-05,M0_S4
,6,6,case4_X_ONLY,6,100,6,,215.9126240716666,0.777059079151052,
,100,100,case4_RANDOM_CONTROL,1030,100,100,,41.47957769798908,22.484331073238515,
4,78,100,fullM3_case4_seed0,1030,100,100,0,261.70802147375116,0.01669593848675902,fullM3
4,66,100,fullM3_case4_seed1,1030,100,100,1,254.25276395730162,0.001949991134018182,fullM3
4,79,100,fullM3_case4_seed2,1030,100,100,2,283.0795232525101,0.03582044430220821,fullM3
4,73,100,fullM3_case4_seed3,1030,100,100,3,251.01215476081694,0.005102548224874667,fullM3
4,61,100,fullM3_case4_seed4,1030,100,100,4,242.8689458165591,0.0005354477775502984,fullM3
4,34,75,M0_S4_case4_seed0,1030,100,100,0,146255.58619298815,2.7078595060480676e-09,M0_S4
4,39,83,M0_S4_case4_seed1,1030,100,100,1,58685.215234244075,7.874450160109162e-08,M0_S4
4,32,79,M0_S4_case4_seed2,1030,100,100,2,101835.80684665387,1.936233680950829e-08,M0_S4
4,38,89,M0_S4_case4_seed3,1030,100,100,3,153677.2961848575,0.0003727991487290163,M0_S4
4,34,75,M0_S4_case4_seed4,1030,100,100,4,85727.4347033334,1.412070479637492e-10,M0_S4
,6,6,case5_X_ONLY,6,100,6,,144.51497289898364,0.4484410311535315,
,100,100,case5_RANDOM_CONTROL,1030,100,100,,42.078619095499874,22.19641034627436,
5,83,100,fullM3_case5_seed0,1030,100,100,0,187.06514866817147,0.009128874070620623,fullM3
5,78,100,fullM3_case5_seed1,1030,100,100,1,172.295216434626,0.003928437879050196,fullM3
5,75,100,fullM3_case5_seed2,1030,100,100,2,166.89708247350492,0.0004729837404047686,fullM3
5,81,100,fullM3_case5_seed3,1030,100,100,3,164.41653370383577,0.021567613378241205,fullM3
5,77,100,fullM3_case5_seed4,1030,100,100,4,175.91841172485132,0.0024698112543801226,fullM3
5,43,92,M0_S4_case5_seed0,1030,100,100,0,79874.97617430982,2.7348645605587077e-05,M0_S4
5,41,82,M0_S4_case5_seed1,1030,100,100,1,35807.84946846764,2.902154234681615e-07,M0_S4
5,35,65,M0_S4_case5_seed2,1030,100,100,2,49479.8733458489,2.0385841666976185e-12,M0_S4
5,44,99,M0_S4_case5_seed3,1030,100,100,3,88432.3581525194,0.019690881997311765,M0_S4
5,39,83,M0_S4_case5_seed4,1030,100,100,4,37215.345922096116,1.874660414161061e-06,M0_S4
,6,6,case7_X_ONLY,6,100,6,,42.44065790757804,0.08591533136778937,
,100,100,case7_RANDOM_CONTROL,1030,100,100,,41.07761374237467,22.642010360537075,
7,100,100,fullM3_case7_seed0,1030,100,100,0,63.848029901494876,0.09461260782711789,fullM3
7,94,100,fullM3_case7_seed1,1030,100,100,1,63.10192664653887,0.023363085590518442,fullM3
7,91,100,fullM3_case7_seed2,1030,100,100,2,59.035636672415485,0.005553061578135026,fullM3
7,88,100,fullM3_case7_seed3,1030,100,100,3,58.076280897303974,0.008472562035417672,fullM3
7,92,100,fullM3_case7_seed4,1030,100,100,4,63.96078440760235,0.00880357649883022,fullM3
7,52,98,M0_S4_case7_seed0,1030,100,100,0,33833.816416198744,0.004546376272855569,M0_S4
7,45,77,M0_S4_case7_seed1,1030,100,100,1,24858.038894419362,2.979975819836086e-09,M0_S4
7,49,78,M0_S4_case7_seed2,1030,100,100,2,13804.7849211749,9.07073484310023e-09,M0_S4
7,54,90,M0_S4_case7_seed3,1030,100,100,3,13174.08914314873,1.7390929911694415e-05,M0_S4
7,53,83,M0_S4_case7_seed4,1030,100,100,4,13588.285685811748,1.5677085858311578e-07,M0_S4