ass_norm,asx_norm,axs_norm,case,has_latent,kappa_max,kappa_median,label,lambda_re_max,lambda_re_median,n_near_circle_ass,n_unstable_axx,non_normality_ass,seed,step_max,step_median,step_min
31.11544348487816,0.6735249944333509,19.11780292219927,1,True,3284699556117592.5,5816267267224.144,M3_B1,-0.0001,-0.538535626719763,316,1,0.006638770695169962,0,0.08426701291667078,0.013260439167451295,0.0013817463585561178
31.028598612114042,0.7981354824960079,13.97244942790308,1,True,7460352570432891.0,6451588225971.683,M3_B1,-0.0001,-0.5573584729961565,262,1,0.0072088028866155104,1,0.11604147056219914,0.019097935247012907,0.0016684149682407792
31.251623139915385,0.5083635377505468,10.485237370418712,1,True,1090327736279646.0,15954688466915.8,M3_B1,-0.0001,-0.5332018057071402,256,1,0.007091807357908377,2,0.043729856172153074,0.013910105689575882,0.0013942561683389326
31.441926206261712,0.3492280900961103,23.323873952727386,1,True,4157367226301063.0,8385017873398.609,M3_B1,-0.0001,-0.507998354975131,608,1,0.0052882399655691465,3,0.044635479018997476,0.0027392277372060986,0.001
31.244115870503652,0.5306270967072497,18.99627694039213,1,True,1617944566991767.2,9509372085464.977,M3_B1,-0.0001,-0.5143760665154025,346,0,0.006830752629463532,4,0.08034118891781741,0.007816079746066955,0.0010519399463520044
31.205488681479455,0.563694944025029,30.300138139799035,2,True,680771776438144.5,12921375605972.531,M3_B1,-0.0001,-0.5035006644982087,358,0,0.0068954386076269004,0,0.09380241772408865,0.006167309230964349,0.0012640092884478587
31.24995141500286,0.48401530896520395,17.434343734805093,2,True,529780722069770.0,11426417724099.54,M3_B1,-0.0001,-0.5000350149023334,240,0,0.007432481232763981,1,0.0606592425766445,0.013143336566736802,0.0013015211431589703
31.167357040812128,0.518262622157226,22.829695339834508,2,True,1383944497853269.2,14226570936600.969,M3_B1,-0.0001,-0.5280899665214978,298,1,0.006885992247215131,2,0.06463048689029627,0.010932177276257535,0.0016540086278303092
31.27882143874166,0.4317616835801406,16.764186624753847,2,True,9685401590143170.0,15020308496542.05,M3_B1,-0.0001,-0.5218298929175433,364,0,0.006649293792780593,3,0.08872600447701463,0.008443890038425501,0.0014716516069200975
31.204022018227406,0.47125459450846713,25.13577734548426,2,True,2408015930401005.5,11653610739303.234,M3_B1,-0.0001,-0.5243097796587615,314,0,0.006673602706300729,4,0.07348658591955402,0.01067392174179179,0.001
31.176007336648127,0.685608014335783,15.328969675278435,3,True,668919180470871.1,12238721259861.59,M3_B1,-0.0001,-0.5330955728171116,266,0,0.006801935822287774,0,0.11049381057072184,0.016666661498700327,0.0011211617130998492
31.317893809162804,0.4071686353751332,20.687110236824733,3,True,3107849259703603.5,13016876068028.498,M3_B1,-0.0001,-0.5009190158521554,394,1,0.006481694153851794,1,0.04624843730519037,0.005952998549836186,0.0011145925362870375
31.22686544261077,0.6017043287797621,13.149182585183246,3,True,955258556307505.6,11611790856077.166,M3_B1,-0.0001,-0.49850612547048506,260,0,0.0072680235236620375,2,0.07615671701075524,0.010607563191054133,0.001885734807932767
31.150350205184658,0.5577175612577955,20.887824534090928,3,True,1.1734050159478404e+16,15111194202895.162,M3_B1,-0.0001,-0.5221251933783413,352,0,0.006531182099260973,3,0.08731620589662492,0.011058759389167068,0.001
31.18466280806588,0.5480004316270848,29.47463230572428,3,True,1500225579291503.0,8413929464836.527,M3_B1,-0.0001,-0.5049247759603959,356,1,0.006584889437763053,4,0.06277512286362723,0.011551756912191156,0.0011354637713537007
31.09203690215098,0.5674510475893231,21.961774653825486,4,True,4208892562240776.5,9269589476011.86,M3_B1,-0.0001,-0.5403134392472492,308,1,0.007077126972299686,0,0.0934017036701848,0.007015684158723374,0.001227822412168795
31.082861517555354,0.5620463393906229,14.533821648462606,4,True,1889148610369020.5,37560971105199.87,M3_B1,-0.0001,-0.5260921063313373,166,0,0.0075722608205313555,1,0.08208043815237505,0.018382085230624217,0.0015084651215306448
31.06000182206681,0.781024746931594,13.18239653805035,4,True,476194879780596.3,5936351095734.595,M3_B1,-0.0001,-0.5289384328763398,176,1,0.007508423668713238,2,0.12091984135624768,0.018680754238208943,0.001908945403146797
31.183062486051085,0.5452394203039514,26.095150395023545,4,True,540163806656769.6,14838960665000.945,M3_B1,-0.0001,-0.5181004972056492,282,0,0.007004508021388329,3,0.0846411818138382,0.01107174834723157,0.001231115493297043
31.217795785436202,0.48387273214747595,19.031859734921333,4,True,2572901434326433.0,8994244738728.523,M3_B1,-0.0001,-0.5324201043315393,224,0,0.007479605375334651,4,0.053155209051777716,0.009342540369427142,0.001
31.15027125216117,0.624981951781384,15.682317480036405,5,True,1351504254635990.2,18811305684224.797,M3_B1,-0.0001,-0.529629867658332,222,0,0.007238859076897743,0,0.08239055218957733,0.01290709678295706,0.001
31.21071360970021,0.4545614694078404,24.622473546937943,5,True,330909844107062.56,15475110313865.74,M3_B1,-0.0001,-0.5398106322100422,334,0,0.0070911733737971504,1,0.06145143315437134,0.00724383534150687,0.001
31.24866035116331,0.4193807298925723,13.269920667440513,5,True,3294019644030313.0,16863832108339.738,M3_B1,-0.0001,-0.5156385940150225,320,0,0.007232268397510696,2,0.06564689272600809,0.008130288172471266,0.0023778926148158444
31.09363758852062,0.6122951047290323,16.134799451905884,5,True,1870032374306324.2,17457274691702.93,M3_B1,-0.0001,-0.5220448467087166,180,0,0.007355892960626332,3,0.09261548083862729,0.016963627577744174,0.0012757719481114626
31.24007078263915,0.5253533919738079,12.77950550639115,5,True,1.116039748231779e+16,9534884430790.71,M3_B1,-0.0001,-0.5060601285268433,298,1,0.006841874284267047,4,0.09048142388479045,0.010950330941249009,0.0012126153251839215
31.09299380880876,0.5791058032155466,16.826121928228854,7,True,502576488996294.1,6004051339607.389,M3_B1,-0.0001,-0.5346608201323795,268,0,0.00705851734462261,0,0.09804673799235998,0.016729575931403305,0.0012538422696018157
31.072016601158186,0.6808448725077159,20.904759437582538,7,True,636800057653163.0,19302994068354.773,M3_B1,-0.0001,-0.5427351667297032,186,1,0.007231747406440733,1,0.08169523736377546,0.02321777940949089,0.001184174933881638
31.139230509543484,0.5599320321392448,13.562142951503171,7,True,548517202985542.5,10662527415227.164,M3_B1,-0.0001,-0.5419845696662386,246,0,0.007281910322769879,2,0.06616563537879333,0.01827166945167418,0.0014293663559027557
31.1338301253434,0.546005425588996,14.572317861671035,7,True,1461325676905518.8,15247854429598.744,M3_B1,-0.0001,-0.528114068045558,234,2,0.007343829617955113,3,0.0841884579353625,0.01340804035701005,0.0013112426912177894
31.158983265122533,0.5362914577823492,19.15644166717645,7,True,520972233316151.7,18671231668401.36,M3_B1,-0.0001,-0.5135255852488337,242,0,0.0072544828141036,4,0.0839341953892891,0.01735949589733507,0.0013847192130759325
,,,1,False,,,M1,,,,2,,0,,,
,,,1,False,,,M1,,,,2,,1,,,
,,,1,False,,,M1,,,,2,,2,,,
,,,1,False,,,M1,,,,2,,3,,,
,,,1,False,,,M1,,,,2,,4,,,
,,,2,False,,,M1,,,,6,,0,,,
,,,2,False,,,M1,,,,6,,1,,,
,,,2,False,,,M1,,,,6,,2,,,
,,,2,False,,,M1,,,,6,,3,,,
,,,2,False,,,M1,,,,6,,4,,,
,,,3,False,,,M1,,,,6,,0,,,
,,,3,False,,,M1,,,,6,,1,,,
,,,3,False,,,M1,,,,6,,2,,,
,,,3,False,,,M1,,,,6,,3,,,
,,,3,False,,,M1,,,,6,,4,,,
,,,4,False,,,M1,,,,6,,0,,,
,,,4,False,,,M1,,,,6,,1,,,
,,,4,False,,,M1,,,,6,,2,,,
,,,4,False,,,M1,,,,6,,3,,,
,,,4,False,,,M1,,,,6,,4,,,
,,,5,False,,,M1,,,,6,,0,,,
,,,5,False,,,M1,,,,6,,1,,,
,,,5,False,,,M1,,,,6,,2,,,
,,,5,False,,,M1,,,,6,,3,,,
,,,5,False,,,M1,,,,6,,4,,,
,,,7,False,,,M1,,,,3,,0,,,
,,,7,False,,,M1,,,,3,,1,,,
,,,7,False,,,M1,,,,3,,2,,,
,,,7,False,,,M1,,,,3,,3,,,
,,,7,False,,,M1,,,,3,,4,,,
31.205601265639284,458.72714191536056,0.0,1,True,1.1275838488827204e+16,222422842904859.06,M0_S4,-0.499999999999999,-0.499999999999999,68,0,0.0066955747473707045,0,0.09978716794000109,0.013036659884619408,0.0012442498864714301
31.151175611646867,360.8572969612067,0.0,1,True,5.695121578577444e+16,609667180937001.2,M0_S4,-0.499999999999999,-0.499999999999999,38,0,0.00732439266530221,1,0.09899495753989233,0.018492662303227474,0.0017867684882171802
31.290402773704717,323.9436175384928,0.0,1,True,8110275833875462.0,1080454565309675.5,M0_S4,-0.499999999999999,-0.499999999999999,46,0,0.007219866005883276,2,0.04568540141672029,0.01442782517375427,0.0014102369050958364
31.44316418895545,212.09651001014146,0.0,1,True,5132084949721583.0,218320971714517.03,M0_S4,-0.499999999999999,-0.499999999999999,114,0,0.005567772644042528,3,0.03936747352288308,0.0029057660487103463,0.0011581448193588805
31.268918980296345,387.2086184965258,0.0,1,True,3.140304290657932e+16,337604951837273.1,M0_S4,-0.499999999999999,-0.499999999999999,60,0,0.006953189911437077,4,0.09482569402329795,0.008634150831259273,0.0011426849347864877
31.293366250263716,174.96129348892265,0.0,2,True,9854759763707524.0,1062752226699805.0,M0_S4,-0.499999999999999,-0.499999999999999,58,6,0.007015918274597955,0,0.09191443179062174,0.006259684553858079,0.001083399703709465
31.267188856536368,318.6900274780709,0.0,2,True,1.6461587927878484e+16,2662611320665285.5,M0_S4,-0.499999999999999,-0.499999999999999,32,6,0.007530691851797313,1,0.06837770560026589,0.013210428210921298,0.001453304148536693
31.231240771009514,345.7783352940606,0.0,2,True,4035754390328522.5,260443943417645.03,M0_S4,-0.499999999999999,-0.499999999999999,46,6,0.007071383065606708,2,0.06329891985862911,0.01090185540396801,0.0017007286705056609
31.334791270075453,314.53048788003116,0.0,2,True,7694006480705448.0,454198476209497.9,M0_S4,-0.499999999999999,-0.499999999999999,58,6,0.0067582901500341675,3,0.08737903721150994,0.008932958110268265,0.0017189270460749313
31.280664813506306,227.39135642806116,0.0,2,True,1.3274955801327088e+16,625957386482471.0,M0_S4,-0.499999999999999,-0.499999999999999,84,6,0.0067435482142363615,4,0.0688900564778244,0.010806428979197358,0.0010862683962771936
31.23872410618371,368.99963722905613,0.0,3,True,1.0892950445026494e+16,1046587069574962.6,M0_S4,-0.499999999999999,-0.499999999999999,73,6,0.006861205375898766,0,0.0952837153454579,0.016206475547897618,0.0010533250309864208
31.328390613488516,321.527143580258,0.0,3,True,3.4374929346065172e+16,1034991876787764.9,M0_S4,-0.499999999999999,-0.499999999999999,67,6,0.00665375566559603,1,0.05786712731880206,0.0066609360370325655,0.0013470275073986459
31.24024833397909,223.11221409078235,0.0,3,True,2.4837498381132304e+16,653498933300017.0,M0_S4,-0.499999999999999,-0.499999999999999,38,6,0.00734443615714714,2,0.09138590009316366,0.010302149908165404,0.0017847245075074483
31.21914319320805,439.39471371701114,0.0,3,True,1.103335988571645e+16,594918409159912.6,M0_S4,-0.499999999999999,-0.499999999999999,73,6,0.006673904803810683,3,0.08824623831326515,0.01096168733856612,0.001016519040763016
31.24290674092352,472.9170295768464,0.0,3,True,1.235381747011659e+16,458842458871217.06,M0_S4,-0.499999999999999,-0.499999999999999,77,6,0.006666247038263814,4,0.0700252589534486,0.012560691816651343,0.0011829568333934937
31.18678480695961,309.36820245646135,0.0,4,True,6793075691780810.0,417492234729186.25,M0_S4,-0.499999999999999,-0.499999999999999,65,6,0.007112963135056034,0,0.09943513456917746,0.0073106398353734205,0.0010826302746899772
31.18785788410646,354.2392787359961,0.0,4,True,1.5109269094908418e+16,2017884561236311.0,M0_S4,-0.499999999999999,-0.499999999999999,24,6,0.00764771114391057,1,0.08364838989617444,0.018825296265224854,0.001545466190338219
31.153404994317267,314.4147743233364,0.0,4,True,6360133288597971.0,107361346738778.53,M0_S4,-0.499999999999999,-0.499999999999999,26,6,0.007586579782298922,2,0.09831026062886865,0.017937897911171605,0.0019591677972965052
31.208113739254273,440.4020364778316,0.0,4,True,9095854578627178.0,755693968255459.2,M0_S4,-0.499999999999999,-0.499999999999999,51,6,0.007117401266058675,3,0.092163812613408,0.011973141595433836,0.001401436018783604
31.2683508891987,290.54974901214047,0.0,4,True,4894917635981792.0,653412924513796.5,M0_S4,-0.499999999999999,-0.499999999999999,40,6,0.007579380452108512,4,0.05751484003498715,0.010535785333068676,0.0010693348212689184
31.22105844395297,433.36766452311264,0.0,5,True,4938909374547474.0,246055750309295.56,M0_S4,-0.499999999999999,-0.499999999999999,48,6,0.007299364880314164,0,0.0931490314268387,0.012072560608911879,0.0011361919475263618
31.28148072742211,405.781265791101,0.0,5,True,2.2110756107170996e+16,1147418939422746.5,M0_S4,-0.499999999999999,-0.499999999999999,58,6,0.007165102982205609,1,0.06719952330698875,0.007939232708425972,0.0010144990204069098
31.306576919252805,215.30376118876612,0.0,5,True,1.3085311711342022e+16,1272936199918370.0,M0_S4,-0.499999999999999,-0.499999999999999,40,6,0.007339567534477269,2,0.08060619718594438,0.0074155964415163434,0.002459216660779079
31.14953445992907,559.5200665839247,0.0,5,True,1.3790689682101986e+16,670712501750568.0,M0_S4,-0.499999999999999,-0.499999999999999,40,6,0.007520982055412865,3,0.09818878978579094,0.018974591125469627,0.001142411784103948
31.28826999917746,414.17969141736046,0.0,5,True,9127175339627528.0,1021842596723113.1,M0_S4,-0.499999999999999,-0.499999999999999,61,6,0.006953146587796718,4,0.09000683411806881,0.010658737529446384,0.0013471638398370458
31.16745764439202,483.3825763482677,0.0,7,True,6243958565295170.0,177589377761428.22,M0_S4,-0.499999999999999,-0.499999999999999,55,3,0.00709750998907265,0,0.09636038723714643,0.017632551582611854,0.0013440706293387525
31.160178417951016,284.73210164064847,0.0,7,True,9346474784978608.0,940598285449553.0,M0_S4,-0.499999999999999,-0.499999999999999,38,3,0.00730451436593666,1,0.08504648753947523,0.02266844634349645,0.0014389966549670976
31.205197233285915,304.14512936782256,0.0,7,True,1.807632095821752e+16,2374672863730614.0,M0_S4,-0.499999999999999,-0.499999999999999,34,3,0.007314122519961334,2,0.06724098506999442,0.020147711762602487,0.0015189275663457188
31.200642945648944,410.798411847339,0.0,7,True,6608726281736127.0,387118385659206.06,M0_S4,-0.499999999999999,-0.499999999999999,34,3,0.007474394240733015,3,0.09089821001254025,0.013024335954386214,0.0014866761661321945
31.226627221687504,340.8917296653432,0.0,7,True,2.3817883018617892e+16,985760895077033.0,M0_S4,-0.499999999999999,-0.499999999999999,39,3,0.007392037838907878,4,0.07777128166714642,0.018466946671667258,0.0012626872256244566
30.979628146407382,0.8668137473854743,15.332786977693209,1,True,2705256042605628.5,4639198836442.368,M3_B320,-0.0001,-0.5906040539314692,358,1,0.0061231739125196406,0,0.0816165687959329,0.013469547837243512,0.0013869311364185784
30.949742799847304,0.9166039362095576,12.073653577179606,1,True,1165086085746406.8,5522571909610.68,M3_B320,-0.0001,-0.6141705265031476,312,1,0.007066173674969034,1,0.10414541475009512,0.017183992660618534,0.0015750061913812436
31.194871786265395,0.6134123921395678,9.722469195361308,1,True,539584681324659.6,14314469048626.572,M3_B320,-0.0001,-0.566230470499034,268,1,0.006962160126709301,2,0.03911071643054983,0.01463580412985343,0.0012754206924095017
31.42863713452587,0.37581522481203417,19.137017616551415,1,True,5087482761436104.0,10711916950733.547,M3_B320,-0.0001,-0.5543888443086049,662,1,0.005139867019790975,3,0.044938708449280364,0.002541480926889767,0.001
31.197339858626908,0.7804566012031126,16.15557665968695,1,True,556663482048704.9,6690973432663.327,M3_B320,-0.0001,-0.5895986737126832,374,1,0.006806729844455346,4,0.1060473183988901,0.008162498473954637,0.001
31.14682775931402,0.6025256141901384,14.791691182199818,2,True,3212339527222031.5,10487186155674.47,M3_B320,-0.0001,-0.5673023325137316,386,6,0.007001445037664348,0,0.10148097570512957,0.005878839634333281,0.0012372385316081979
31.165366901807392,0.5263899335818237,18.568484012093283,2,True,836202132692363.9,16262624112674.438,M3_B320,-0.0001,-0.5790073389393696,214,5,0.007536341515538784,1,0.06655777489819327,0.014344463999755551,0.0013485502515606352
30.984252638630387,0.61548435674093,24.517559646855048,2,True,2973230792919347.5,12110488442284.176,M3_B320,-0.0001,-0.6022710827193,316,6,0.00703553472134511,2,0.06555038574149412,0.011114864739658713,0.001618255892167141
31.171015775498176,0.5184285516175443,12.619528091286428,2,True,728213356816814.6,17631414564351.69,M3_B320,-0.0001,-0.5423784943496679,350,6,0.006751646356946001,3,0.13848912640996996,0.009592397927191248,0.0019197560131303509
31.134683388823568,0.49024655416887725,17.040418451913833,2,True,1715048266823407.8,4552060219042.978,M3_B320,-0.0001,-0.5753168669556052,338,5,0.006669057730435162,4,0.06717224772244179,0.01128360631380807,0.001
31.10345262303215,0.7838201302856663,14.878779140853098,3,True,400390520033855.2,12901599120440.195,M3_B320,-0.0001,-0.571194466249829,338,6,0.006704328330813078,0,0.10531693054932395,0.01697403247301236,0.001110338537364243
31.214908739083306,0.4761598296244135,16.323389375194427,3,True,1752993650340292.2,7552829224689.77,M3_B320,-0.0001,-0.5737302105255597,432,6,0.006514633084511739,1,0.04653645287556246,0.006406355398875055,0.001
31.076531858302783,0.653063002378165,12.747311864235078,3,True,3328865895590434.0,21928970798191.297,M3_B320,-0.0001,-0.6068723038166044,338,6,0.0072044607878464645,2,0.08542250716555823,0.009826456933050726,0.0019332430277590109
31.08068683347099,0.6951090280719135,17.786092678650284,3,True,3998147656160408.5,13204379348905.434,M3_B320,-0.0001,-0.5749610878196261,396,6,0.006454304806245272,3,0.08749978927225331,0.012007544829917505,0.001
31.110498464506115,0.6316355311992509,35.27734176595759,3,True,1784220108083478.8,3371383642461.2637,M3_B320,-0.0001,-0.5842559141490384,372,6,0.006617377461907129,4,0.07182759336490406,0.010807497862807583,0.001
30.97142344020756,0.6448927743778126,17.372262559641356,4,True,2022087392481111.8,13860871788806.41,M3_B320,-0.0001,-0.5902192191763299,350,6,0.007009687194980768,0,0.12112155271676206,0.007980500160256414,0.001036333794600648
30.99373736929508,0.5048911872229878,14.946950535133613,4,True,707331377530177.4,28675080766764.492,M3_B320,-0.0001,-0.6109720652792787,178,5,0.0075987186994147925,1,0.08970314709972765,0.019199834166722128,0.0016435095094045273
30.937532537240134,0.6462340212763084,17.319336737311325,4,True,623748937228634.8,9843343594161.854,M3_B320,-0.0001,-0.6188499144768647,206,5,0.007505768006007003,2,0.0913207465485669,0.018962380605919264,0.0014710695173621089
31.027304774419207,0.533188624181293,22.030570491489286,4,True,1256147177098412.5,3198020351335.7725,M3_B320,-0.0001,-0.5893894246087552,302,6,0.007016913085848909,3,0.09445644695449167,0.010502805892685067,0.0012705050830454489
31.091161090038277,0.44887431930593175,17.091737718783214,4,True,830478475766309.1,6658362768231.974,M3_B320,-0.0001,-0.6085978316931631,276,5,0.007499218817539333,4,0.059601347295723216,0.01057274275782523,0.0010332454965730938
31.018097277654277,0.7276835453938879,26.74078933433235,5,True,392344848919062.3,9582553428827.35,M3_B320,-0.0001,-0.5757576869377137,250,5,0.0071848491591473655,0,0.12303399705909905,0.012713763299248778,0.001
31.105191177091037,0.4148631537257162,25.77807673082858,5,True,663083885966163.6,8823310795690.457,M3_B320,-0.0001,-0.6235301490204194,332,6,0.007163502045651644,1,0.06328169989289828,0.007889500267867777,0.001
31.16724402165036,0.48306616184563106,12.113338507359279,5,True,2661739238639371.0,9530772483554.023,M3_B320,-0.0001,-0.5550612436283826,338,6,0.0072840339358553,2,0.08217706516936127,0.007362414850369413,0.00276191255117783
30.898449032536455,0.7108060004759542,21.680353502071,5,True,3075071814051863.5,8753117654311.57,M3_B320,-0.0001,-0.6048880976318114,220,5,0.0074406608710261115,3,0.10904782570823279,0.01955346930632009,0.0011400605315465303
31.123006951893398,0.5801970156120759,19.19142504787653,5,True,5243739011413260.0,14382294606049.322,M3_B320,-0.0001,-0.579938420776424,344,5,0.006877348112004238,4,0.11299779112302241,0.010773669230961704,0.001117018051449762
30.996694583092125,0.7399005759787612,18.2933532679371,7,True,7485178399587193.0,5558012797464.309,M3_B320,-0.0001,-0.5895692122488496,300,3,0.006889799069784149,0,0.08715528050814991,0.01711900863569674,0.00114350822231091
30.868025824690488,0.8517272664674133,20.950322790426597,7,True,2321528670777611.0,11629881558579.248,M3_B320,-0.0001,-0.6352185704564819,212,3,0.007045549992388292,1,0.10304730870134995,0.02202974609692191,0.001050699057706968
31.032441565473878,0.7772226828955516,15.202349016547949,7,True,650019641440916.9,10747540928589.545,M3_B320,-0.0001,-0.6387607043448968,288,3,0.0070859667841735125,2,0.05924089092848636,0.020213945144877597,0.0013427595580425614
30.992877070564788,0.6693898792744619,13.020821674814652,7,True,1.071616896566424e+16,6801288623584.239,M3_B320,-0.0001,-0.5923635601934077,294,3,0.0071614632375390725,3,0.10306440423032255,0.011598383610694058,0.001291026343839437
31.054254097719962,0.7307204325371992,19.20461573168249,7,True,597780422768612.9,2497717082514.161,M3_B320,-0.0001,-0.589158384711667,266,3,0.007216740281914275,4,0.07056954797725257,0.016932606995731472,0.001
